50000,24,QB 1, ,RB 1, RB 3, ,WR 1, WR 2, WR 4, WR 5, ,TE 4, ,DST 3, 
49800,27,QB 1, ,RB 1, RB 3, ,WR 2, WR 4, WR 5, WR 6, ,TE 3, ,DST2, 
49500,28,QB 1, ,RB 1, RB 3, ,WR 2, WR 4, WR 5, WR 6, ,TE 3, ,DST 3, 
49200,27,QB 1, ,RB 1, RB 3, ,WR 2, WR 4, WR 5, WR 6, ,TE 4, ,DST 1, 
48800,28,QB 1, ,RB 1, RB 3, ,WR 2, WR 4, WR 5, WR 6, ,TE 4, ,DST2, 
48500,29,QB 1, ,RB 1, RB 3, ,WR 2, WR 4, WR 5, WR 6, ,TE 4, ,DST 3, 
49800,22,QB 1, ,RB 2, RB 3, ,WR 1, WR 2, WR 4, WR 5, ,TE 3, ,DST 1, 
49400,23,QB 1, ,RB 2, RB 3, ,WR 1, WR 2, WR 4, WR 5, ,TE 3, ,DST2, 
49100,24,QB 1, ,RB 2, RB 3, ,WR 1, WR 2, WR 4, WR 5, ,TE 3, ,DST 3, 
48800,23,QB 1, ,RB 2, RB 3, ,WR 1, WR 2, WR 4, WR 5, ,TE 4, ,DST 1, 
48400,24,QB 1, ,RB 2, RB 3, ,WR 1, WR 2, WR 4, WR 5, ,TE 4, ,DST2, 
48100,25,QB 1, ,RB 2, RB 3, ,WR 1, WR 2, WR 4, WR 5, ,TE 4, ,DST 3, 
49800,26,QB 1, ,RB 2, RB 3, ,WR 1, WR 2, WR 4, WR 6, ,TE 4, ,DST 3, 
49900,26,QB 1, ,RB 2, RB 3, ,WR 1, WR 2, WR 5, WR 6, ,TE 3, ,DST 3, 
49600,25,QB 1, ,RB 2, RB 3, ,WR 1, WR 2, WR 5, WR 6, ,TE 4, ,DST 1, 
49200,26,QB 1, ,RB 2, RB 3, ,WR 1, WR 2, WR 5, WR 6, ,TE 4, ,DST2, 
48900,27,QB 1, ,RB 2, RB 3, ,WR 1, WR 2, WR 5, WR 6, ,TE 4, ,DST 3, 
49800,29,QB 1, ,RB 2, RB 3, ,WR 1, WR 4, WR 5, WR 6, ,TE 4, ,DST 3, 
50000,25,QB 1, ,RB 2, RB 3, ,WR 2, WR 3, WR 4, WR 5, ,TE 3, ,DST2, 
49700,26,QB 1, ,RB 2, RB 3, ,WR 2, WR 3, WR 4, WR 5, ,TE 3, ,DST 3, 
49400,25,QB 1, ,RB 2, RB 3, ,WR 2, WR 3, WR 4, WR 5, ,TE 4, ,DST 1, 
49000,26,QB 1, ,RB 2, RB 3, ,WR 2, WR 3, WR 4, WR 5, ,TE 4, ,DST2, 
48700,27,QB 1, ,RB 2, RB 3, ,WR 2, WR 3, WR 4, WR 5, ,TE 4, ,DST 3, 
49800,28,QB 1, ,RB 2, RB 3, ,WR 2, WR 3, WR 5, WR 6, ,TE 4, ,DST2, 
49500,29,QB 1, ,RB 2, RB 3, ,WR 2, WR 3, WR 5, WR 6, ,TE 4, ,DST 3, 
49400,26,QB 1, ,RB 2, RB 3, ,WR 2, WR 4, WR 5, WR 6, ,TE 2, ,DST 1, 
49000,27,QB 1, ,RB 2, RB 3, ,WR 2, WR 4, WR 5, WR 6, ,TE 2, ,DST2, 
48700,28,QB 1, ,RB 2, RB 3, ,WR 2, WR 4, WR 5, WR 6, ,TE 2, ,DST 3, 
48300,27,QB 1, ,RB 2, RB 3, ,WR 2, WR 4, WR 5, WR 6, ,TE 3, ,DST 1, 
47900,28,QB 1, ,RB 2, RB 3, ,WR 2, WR 4, WR 5, WR 6, ,TE 3, ,DST2, 
47600,29,QB 1, ,RB 2, RB 3, ,WR 2, WR 4, WR 5, WR 6, ,TE 3, ,DST 3, 
47300,28,QB 1, ,RB 2, RB 3, ,WR 2, WR 4, WR 5, WR 6, ,TE 4, ,DST 1, 
46900,29,QB 1, ,RB 2, RB 3, ,WR 2, WR 4, WR 5, WR 6, ,TE 4, ,DST2, 
46600,30,QB 1, ,RB 2, RB 3, ,WR 2, WR 4, WR 5, WR 6, ,TE 4, ,DST 3, 
49500,29,QB 1, ,RB 2, RB 3, ,WR 2, WR 4, WR 5, WR 6, ,TE 5, ,DST 1, 
49100,30,QB 1, ,RB 2, RB 3, ,WR 2, WR 4, WR 5, WR 6, ,TE 5, ,DST2, 
48800,31,QB 1, ,RB 2, RB 3, ,WR 2, WR 4, WR 5, WR 6, ,TE 5, ,DST 3, 
49800,30,QB 1, ,RB 2, RB 4, ,WR 2, WR 4, WR 5, WR 6, ,TE 3, ,DST 3, 
49500,29,QB 1, ,RB 2, RB 4, ,WR 2, WR 4, WR 5, WR 6, ,TE 4, ,DST 1, 
49100,30,QB 1, ,RB 2, RB 4, ,WR 2, WR 4, WR 5, WR 6, ,TE 4, ,DST2, 
48800,31,QB 1, ,RB 2, RB 4, ,WR 2, WR 4, WR 5, WR 6, ,TE 4, ,DST 3, 
49900,32,QB 1, ,RB 2, RB 5, ,WR 2, WR 4, WR 5, WR 6, ,TE 4, ,DST 3, 
49900,24,QB 1, ,RB 3, RB 4, ,WR 1, WR 2, WR 4, WR 5, ,TE 3, ,DST 1, 
49500,25,QB 1, ,RB 3, RB 4, ,WR 1, WR 2, WR 4, WR 5, ,TE 3, ,DST2, 
49200,26,QB 1, ,RB 3, RB 4, ,WR 1, WR 2, WR 4, WR 5, ,TE 3, ,DST 3, 
48900,25,QB 1, ,RB 3, RB 4, ,WR 1, WR 2, WR 4, WR 5, ,TE 4, ,DST 1, 
48500,26,QB 1, ,RB 3, RB 4, ,WR 1, WR 2, WR 4, WR 5, ,TE 4, ,DST2, 
48200,27,QB 1, ,RB 3, RB 4, ,WR 1, WR 2, WR 4, WR 5, ,TE 4, ,DST 3, 
49900,28,QB 1, ,RB 3, RB 4, ,WR 1, WR 2, WR 4, WR 6, ,TE 4, ,DST 3, 
50000,28,QB 1, ,RB 3, RB 4, ,WR 1, WR 2, WR 5, WR 6, ,TE 3, ,DST 3, 
49700,27,QB 1, ,RB 3, RB 4, ,WR 1, WR 2, WR 5, WR 6, ,TE 4, ,DST 1, 
49300,28,QB 1, ,RB 3, RB 4, ,WR 1, WR 2, WR 5, WR 6, ,TE 4, ,DST2, 
49000,29,QB 1, ,RB 3, RB 4, ,WR 1, WR 2, WR 5, WR 6, ,TE 4, ,DST 3, 
49900,31,QB 1, ,RB 3, RB 4, ,WR 1, WR 4, WR 5, WR 6, ,TE 4, ,DST 3, 
49800,28,QB 1, ,RB 3, RB 4, ,WR 2, WR 3, WR 4, WR 5, ,TE 3, ,DST 3, 
49500,27,QB 1, ,RB 3, RB 4, ,WR 2, WR 3, WR 4, WR 5, ,TE 4, ,DST 1, 
49100,28,QB 1, ,RB 3, RB 4, ,WR 2, WR 3, WR 4, WR 5, ,TE 4, ,DST2, 
48800,29,QB 1, ,RB 3, RB 4, ,WR 2, WR 3, WR 4, WR 5, ,TE 4, ,DST 3, 
49900,30,QB 1, ,RB 3, RB 4, ,WR 2, WR 3, WR 5, WR 6, ,TE 4, ,DST2, 
49600,31,QB 1, ,RB 3, RB 4, ,WR 2, WR 3, WR 5, WR 6, ,TE 4, ,DST 3, 
49500,28,QB 1, ,RB 3, RB 4, ,WR 2, WR 4, WR 5, WR 6, ,TE 2, ,DST 1, 
49100,29,QB 1, ,RB 3, RB 4, ,WR 2, WR 4, WR 5, WR 6, ,TE 2, ,DST2, 
48800,30,QB 1, ,RB 3, RB 4, ,WR 2, WR 4, WR 5, WR 6, ,TE 2, ,DST 3, 
48400,29,QB 1, ,RB 3, RB 4, ,WR 2, WR 4, WR 5, WR 6, ,TE 3, ,DST 1, 
48000,30,QB 1, ,RB 3, RB 4, ,WR 2, WR 4, WR 5, WR 6, ,TE 3, ,DST2, 
47700,31,QB 1, ,RB 3, RB 4, ,WR 2, WR 4, WR 5, WR 6, ,TE 3, ,DST 3, 
47400,30,QB 1, ,RB 3, RB 4, ,WR 2, WR 4, WR 5, WR 6, ,TE 4, ,DST 1, 
47000,31,QB 1, ,RB 3, RB 4, ,WR 2, WR 4, WR 5, WR 6, ,TE 4, ,DST2, 
46700,32,QB 1, ,RB 3, RB 4, ,WR 2, WR 4, WR 5, WR 6, ,TE 4, ,DST 3, 
49600,31,QB 1, ,RB 3, RB 4, ,WR 2, WR 4, WR 5, WR 6, ,TE 5, ,DST 1, 
49200,32,QB 1, ,RB 3, RB 4, ,WR 2, WR 4, WR 5, WR 6, ,TE 5, ,DST2, 
48900,33,QB 1, ,RB 3, RB 4, ,WR 2, WR 4, WR 5, WR 6, ,TE 5, ,DST 3, 
50000,26,QB 1, ,RB 3, RB 5, ,WR 1, WR 2, WR 4, WR 5, ,TE 4, ,DST 1, 
49600,27,QB 1, ,RB 3, RB 5, ,WR 1, WR 2, WR 4, WR 5, ,TE 4, ,DST2, 
49300,28,QB 1, ,RB 3, RB 5, ,WR 1, WR 2, WR 4, WR 5, ,TE 4, ,DST 3, 
49900,30,QB 1, ,RB 3, RB 5, ,WR 2, WR 3, WR 4, WR 5, ,TE 4, ,DST 3, 
49900,31,QB 1, ,RB 3, RB 5, ,WR 2, WR 4, WR 5, WR 6, ,TE 2, ,DST 3, 
49500,30,QB 1, ,RB 3, RB 5, ,WR 2, WR 4, WR 5, WR 6, ,TE 3, ,DST 1, 
49100,31,QB 1, ,RB 3, RB 5, ,WR 2, WR 4, WR 5, WR 6, ,TE 3, ,DST2, 
48800,32,QB 1, ,RB 3, RB 5, ,WR 2, WR 4, WR 5, WR 6, ,TE 3, ,DST 3, 
48500,31,QB 1, ,RB 3, RB 5, ,WR 2, WR 4, WR 5, WR 6, ,TE 4, ,DST 1, 
48100,32,QB 1, ,RB 3, RB 5, ,WR 2, WR 4, WR 5, WR 6, ,TE 4, ,DST2, 
47800,33,QB 1, ,RB 3, RB 5, ,WR 2, WR 4, WR 5, WR 6, ,TE 4, ,DST 3, 
50000,34,QB 1, ,RB 3, RB 5, ,WR 2, WR 4, WR 5, WR 6, ,TE 5, ,DST 3, 
50000,34,QB 1, ,RB 4, RB 5, ,WR 2, WR 4, WR 5, WR 6, ,TE 4, ,DST 3, 
50000,28,QB 2, ,RB 1, RB 3, ,WR 2, WR 4, WR 5, WR 6, ,TE 4, ,DST 1, 
49600,29,QB 2, ,RB 1, RB 3, ,WR 2, WR 4, WR 5, WR 6, ,TE 4, ,DST2, 
49300,30,QB 2, ,RB 1, RB 3, ,WR 2, WR 4, WR 5, WR 6, ,TE 4, ,DST 3, 
49900,25,QB 2, ,RB 2, RB 3, ,WR 1, WR 2, WR 4, WR 5, ,TE 3, ,DST 3, 
49600,24,QB 2, ,RB 2, RB 3, ,WR 1, WR 2, WR 4, WR 5, ,TE 4, ,DST 1, 
49200,25,QB 2, ,RB 2, RB 3, ,WR 1, WR 2, WR 4, WR 5, ,TE 4, ,DST2, 
48900,26,QB 2, ,RB 2, RB 3, ,WR 1, WR 2, WR 4, WR 5, ,TE 4, ,DST 3, 
50000,27,QB 2, ,RB 2, RB 3, ,WR 1, WR 2, WR 5, WR 6, ,TE 4, ,DST2, 
49700,28,QB 2, ,RB 2, RB 3, ,WR 1, WR 2, WR 5, WR 6, ,TE 4, ,DST 3, 
49800,27,QB 2, ,RB 2, RB 3, ,WR 2, WR 3, WR 4, WR 5, ,TE 4, ,DST2, 
49500,28,QB 2, ,RB 2, RB 3, ,WR 2, WR 3, WR 4, WR 5, ,TE 4, ,DST 3, 
49800,28,QB 2, ,RB 2, RB 3, ,WR 2, WR 4, WR 5, WR 6, ,TE 2, ,DST2, 
49500,29,QB 2, ,RB 2, RB 3, ,WR 2, WR 4, WR 5, WR 6, ,TE 2, ,DST 3, 
49100,28,QB 2, ,RB 2, RB 3, ,WR 2, WR 4, WR 5, WR 6, ,TE 3, ,DST 1, 
48700,29,QB 2, ,RB 2, RB 3, ,WR 2, WR 4, WR 5, WR 6, ,TE 3, ,DST2, 
48400,30,QB 2, ,RB 2, RB 3, ,WR 2, WR 4, WR 5, WR 6, ,TE 3, ,DST 3, 
48100,29,QB 2, ,RB 2, RB 3, ,WR 2, WR 4, WR 5, WR 6, ,TE 4, ,DST 1, 
47700,30,QB 2, ,RB 2, RB 3, ,WR 2, WR 4, WR 5, WR 6, ,TE 4, ,DST2, 
47400,31,QB 2, ,RB 2, RB 3, ,WR 2, WR 4, WR 5, WR 6, ,TE 4, ,DST 3, 
49900,31,QB 2, ,RB 2, RB 3, ,WR 2, WR 4, WR 5, WR 6, ,TE 5, ,DST2, 
49600,32,QB 2, ,RB 2, RB 3, ,WR 2, WR 4, WR 5, WR 6, ,TE 5, ,DST 3, 
49900,31,QB 2, ,RB 2, RB 4, ,WR 2, WR 4, WR 5, WR 6, ,TE 4, ,DST2, 
49600,32,QB 2, ,RB 2, RB 4, ,WR 2, WR 4, WR 5, WR 6, ,TE 4, ,DST 3, 
50000,27,QB 2, ,RB 3, RB 4, ,WR 1, WR 2, WR 4, WR 5, ,TE 3, ,DST 3, 
49700,26,QB 2, ,RB 3, RB 4, ,WR 1, WR 2, WR 4, WR 5, ,TE 4, ,DST 1, 
49300,27,QB 2, ,RB 3, RB 4, ,WR 1, WR 2, WR 4, WR 5, ,TE 4, ,DST2, 
49000,28,QB 2, ,RB 3, RB 4, ,WR 1, WR 2, WR 4, WR 5, ,TE 4, ,DST 3, 
49800,30,QB 2, ,RB 3, RB 4, ,WR 1, WR 2, WR 5, WR 6, ,TE 4, ,DST 3, 
49900,29,QB 2, ,RB 3, RB 4, ,WR 2, WR 3, WR 4, WR 5, ,TE 4, ,DST2, 
49600,30,QB 2, ,RB 3, RB 4, ,WR 2, WR 3, WR 4, WR 5, ,TE 4, ,DST 3, 
49900,30,QB 2, ,RB 3, RB 4, ,WR 2, WR 4, WR 5, WR 6, ,TE 2, ,DST2, 
49600,31,QB 2, ,RB 3, RB 4, ,WR 2, WR 4, WR 5, WR 6, ,TE 2, ,DST 3, 
49200,30,QB 2, ,RB 3, RB 4, ,WR 2, WR 4, WR 5, WR 6, ,TE 3, ,DST 1, 
48800,31,QB 2, ,RB 3, RB 4, ,WR 2, WR 4, WR 5, WR 6, ,TE 3, ,DST2, 
48500,32,QB 2, ,RB 3, RB 4, ,WR 2, WR 4, WR 5, WR 6, ,TE 3, ,DST 3, 
48200,31,QB 2, ,RB 3, RB 4, ,WR 2, WR 4, WR 5, WR 6, ,TE 4, ,DST 1, 
47800,32,QB 2, ,RB 3, RB 4, ,WR 2, WR 4, WR 5, WR 6, ,TE 4, ,DST2, 
47500,33,QB 2, ,RB 3, RB 4, ,WR 2, WR 4, WR 5, WR 6, ,TE 4, ,DST 3, 
50000,33,QB 2, ,RB 3, RB 4, ,WR 2, WR 4, WR 5, WR 6, ,TE 5, ,DST2, 
49700,34,QB 2, ,RB 3, RB 4, ,WR 2, WR 4, WR 5, WR 6, ,TE 5, ,DST 3, 
49900,32,QB 2, ,RB 3, RB 5, ,WR 2, WR 4, WR 5, WR 6, ,TE 3, ,DST2, 
49600,33,QB 2, ,RB 3, RB 5, ,WR 2, WR 4, WR 5, WR 6, ,TE 3, ,DST 3, 
49300,32,QB 2, ,RB 3, RB 5, ,WR 2, WR 4, WR 5, WR 6, ,TE 4, ,DST 1, 
48900,33,QB 2, ,RB 3, RB 5, ,WR 2, WR 4, WR 5, WR 6, ,TE 4, ,DST2, 
48600,34,QB 2, ,RB 3, RB 5, ,WR 2, WR 4, WR 5, WR 6, ,TE 4, ,DST 3, 
50000,29,QB 3, ,RB 1, RB 2, ,WR 2, WR 4, WR 5, WR 6, ,TE 4, ,DST2, 
49700,30,QB 3, ,RB 1, RB 2, ,WR 2, WR 4, WR 5, WR 6, ,TE 4, ,DST 3, 
49800,24,QB 3, ,RB 1, RB 3, ,WR 1, WR 2, WR 4, WR 5, ,TE 4, ,DST 1, 
49400,25,QB 3, ,RB 1, RB 3, ,WR 1, WR 2, WR 4, WR 5, ,TE 4, ,DST2, 
49100,26,QB 3, ,RB 1, RB 3, ,WR 1, WR 2, WR 4, WR 5, ,TE 4, ,DST 3, 
49900,28,QB 3, ,RB 1, RB 3, ,WR 1, WR 2, WR 5, WR 6, ,TE 4, ,DST 3, 
50000,27,QB 3, ,RB 1, RB 3, ,WR 2, WR 3, WR 4, WR 5, ,TE 4, ,DST2, 
49700,28,QB 3, ,RB 1, RB 3, ,WR 2, WR 3, WR 4, WR 5, ,TE 4, ,DST 3, 
50000,28,QB 3, ,RB 1, RB 3, ,WR 2, WR 4, WR 5, WR 6, ,TE 2, ,DST2, 
49700,29,QB 3, ,RB 1, RB 3, ,WR 2, WR 4, WR 5, WR 6, ,TE 2, ,DST 3, 
49300,28,QB 3, ,RB 1, RB 3, ,WR 2, WR 4, WR 5, WR 6, ,TE 3, ,DST 1, 
48900,29,QB 3, ,RB 1, RB 3, ,WR 2, WR 4, WR 5, WR 6, ,TE 3, ,DST2, 
48600,30,QB 3, ,RB 1, RB 3, ,WR 2, WR 4, WR 5, WR 6, ,TE 3, ,DST 3, 
48300,29,QB 3, ,RB 1, RB 3, ,WR 2, WR 4, WR 5, WR 6, ,TE 4, ,DST 1, 
47900,30,QB 3, ,RB 1, RB 3, ,WR 2, WR 4, WR 5, WR 6, ,TE 4, ,DST2, 
47600,31,QB 3, ,RB 1, RB 3, ,WR 2, WR 4, WR 5, WR 6, ,TE 4, ,DST 3, 
49800,32,QB 3, ,RB 1, RB 3, ,WR 2, WR 4, WR 5, WR 6, ,TE 5, ,DST 3, 
49800,32,QB 3, ,RB 1, RB 4, ,WR 2, WR 4, WR 5, WR 6, ,TE 4, ,DST 3, 
50000,23,QB 3, ,RB 2, RB 3, ,WR 1, WR 2, WR 4, WR 5, ,TE 2, ,DST 1, 
49600,24,QB 3, ,RB 2, RB 3, ,WR 1, WR 2, WR 4, WR 5, ,TE 2, ,DST2, 
49300,25,QB 3, ,RB 2, RB 3, ,WR 1, WR 2, WR 4, WR 5, ,TE 2, ,DST 3, 
48900,24,QB 3, ,RB 2, RB 3, ,WR 1, WR 2, WR 4, WR 5, ,TE 3, ,DST 1, 
48500,25,QB 3, ,RB 2, RB 3, ,WR 1, WR 2, WR 4, WR 5, ,TE 3, ,DST2, 
48200,26,QB 3, ,RB 2, RB 3, ,WR 1, WR 2, WR 4, WR 5, ,TE 3, ,DST 3, 
47900,25,QB 3, ,RB 2, RB 3, ,WR 1, WR 2, WR 4, WR 5, ,TE 4, ,DST 1, 
47500,26,QB 3, ,RB 2, RB 3, ,WR 1, WR 2, WR 4, WR 5, ,TE 4, ,DST2, 
47200,27,QB 3, ,RB 2, RB 3, ,WR 1, WR 2, WR 4, WR 5, ,TE 4, ,DST 3, 
49700,27,QB 3, ,RB 2, RB 3, ,WR 1, WR 2, WR 4, WR 5, ,TE 5, ,DST2, 
49400,28,QB 3, ,RB 2, RB 3, ,WR 1, WR 2, WR 4, WR 5, ,TE 5, ,DST 3, 
49900,27,QB 3, ,RB 2, RB 3, ,WR 1, WR 2, WR 4, WR 6, ,TE 3, ,DST 3, 
49600,26,QB 3, ,RB 2, RB 3, ,WR 1, WR 2, WR 4, WR 6, ,TE 4, ,DST 1, 
49200,27,QB 3, ,RB 2, RB 3, ,WR 1, WR 2, WR 4, WR 6, ,TE 4, ,DST2, 
48900,28,QB 3, ,RB 2, RB 3, ,WR 1, WR 2, WR 4, WR 6, ,TE 4, ,DST 3, 
49700,26,QB 3, ,RB 2, RB 3, ,WR 1, WR 2, WR 5, WR 6, ,TE 3, ,DST 1, 
49300,27,QB 3, ,RB 2, RB 3, ,WR 1, WR 2, WR 5, WR 6, ,TE 3, ,DST2, 
49000,28,QB 3, ,RB 2, RB 3, ,WR 1, WR 2, WR 5, WR 6, ,TE 3, ,DST 3, 
48700,27,QB 3, ,RB 2, RB 3, ,WR 1, WR 2, WR 5, WR 6, ,TE 4, ,DST 1, 
48300,28,QB 3, ,RB 2, RB 3, ,WR 1, WR 2, WR 5, WR 6, ,TE 4, ,DST2, 
48000,29,QB 3, ,RB 2, RB 3, ,WR 1, WR 2, WR 5, WR 6, ,TE 4, ,DST 3, 
49900,30,QB 3, ,RB 2, RB 3, ,WR 1, WR 4, WR 5, WR 6, ,TE 3, ,DST 3, 
49600,29,QB 3, ,RB 2, RB 3, ,WR 1, WR 4, WR 5, WR 6, ,TE 4, ,DST 1, 
49200,30,QB 3, ,RB 2, RB 3, ,WR 1, WR 4, WR 5, WR 6, ,TE 4, ,DST2, 
48900,31,QB 3, ,RB 2, RB 3, ,WR 1, WR 4, WR 5, WR 6, ,TE 4, ,DST 3, 
49900,27,QB 3, ,RB 2, RB 3, ,WR 2, WR 3, WR 4, WR 5, ,TE 2, ,DST 3, 
49500,26,QB 3, ,RB 2, RB 3, ,WR 2, WR 3, WR 4, WR 5, ,TE 3, ,DST 1, 
49100,27,QB 3, ,RB 2, RB 3, ,WR 2, WR 3, WR 4, WR 5, ,TE 3, ,DST2, 
48800,28,QB 3, ,RB 2, RB 3, ,WR 2, WR 3, WR 4, WR 5, ,TE 3, ,DST 3, 
48500,27,QB 3, ,RB 2, RB 3, ,WR 2, WR 3, WR 4, WR 5, ,TE 4, ,DST 1, 
48100,28,QB 3, ,RB 2, RB 3, ,WR 2, WR 3, WR 4, WR 5, ,TE 4, ,DST2, 
47800,29,QB 3, ,RB 2, RB 3, ,WR 2, WR 3, WR 4, WR 5, ,TE 4, ,DST 3, 
50000,30,QB 3, ,RB 2, RB 3, ,WR 2, WR 3, WR 4, WR 5, ,TE 5, ,DST 3, 
49800,29,QB 3, ,RB 2, RB 3, ,WR 2, WR 3, WR 4, WR 6, ,TE 4, ,DST2, 
49500,30,QB 3, ,RB 2, RB 3, ,WR 2, WR 3, WR 4, WR 6, ,TE 4, ,DST 3, 
49900,29,QB 3, ,RB 2, RB 3, ,WR 2, WR 3, WR 5, WR 6, ,TE 3, ,DST2, 
49600,30,QB 3, ,RB 2, RB 3, ,WR 2, WR 3, WR 5, WR 6, ,TE 3, ,DST 3, 
49300,29,QB 3, ,RB 2, RB 3, ,WR 2, WR 3, WR 5, WR 6, ,TE 4, ,DST 1, 
48900,30,QB 3, ,RB 2, RB 3, ,WR 2, WR 3, WR 5, WR 6, ,TE 4, ,DST2, 
48600,31,QB 3, ,RB 2, RB 3, ,WR 2, WR 3, WR 5, WR 6, ,TE 4, ,DST 3, 
48500,28,QB 3, ,RB 2, RB 3, ,WR 2, WR 4, WR 5, WR 6, ,TE 2, ,DST 1, 
48100,29,QB 3, ,RB 2, RB 3, ,WR 2, WR 4, WR 5, WR 6, ,TE 2, ,DST2, 
47800,30,QB 3, ,RB 2, RB 3, ,WR 2, WR 4, WR 5, WR 6, ,TE 2, ,DST 3, 
47400,29,QB 3, ,RB 2, RB 3, ,WR 2, WR 4, WR 5, WR 6, ,TE 3, ,DST 1, 
47000,30,QB 3, ,RB 2, RB 3, ,WR 2, WR 4, WR 5, WR 6, ,TE 3, ,DST2, 
46700,31,QB 3, ,RB 2, RB 3, ,WR 2, WR 4, WR 5, WR 6, ,TE 3, ,DST 3, 
46400,30,QB 3, ,RB 2, RB 3, ,WR 2, WR 4, WR 5, WR 6, ,TE 4, ,DST 1, 
46000,31,QB 3, ,RB 2, RB 3, ,WR 2, WR 4, WR 5, WR 6, ,TE 4, ,DST2, 
45700,32,QB 3, ,RB 2, RB 3, ,WR 2, WR 4, WR 5, WR 6, ,TE 4, ,DST 3, 
48600,31,QB 3, ,RB 2, RB 3, ,WR 2, WR 4, WR 5, WR 6, ,TE 5, ,DST 1, 
48200,32,QB 3, ,RB 2, RB 3, ,WR 2, WR 4, WR 5, WR 6, ,TE 5, ,DST2, 
47900,33,QB 3, ,RB 2, RB 3, ,WR 2, WR 4, WR 5, WR 6, ,TE 5, ,DST 3, 
49800,32,QB 3, ,RB 2, RB 3, ,WR 3, WR 4, WR 5, WR 6, ,TE 4, ,DST2, 
49500,33,QB 3, ,RB 2, RB 3, ,WR 3, WR 4, WR 5, WR 6, ,TE 4, ,DST 3, 
49700,27,QB 3, ,RB 2, RB 4, ,WR 1, WR 2, WR 4, WR 5, ,TE 4, ,DST2, 
49400,28,QB 3, ,RB 2, RB 4, ,WR 1, WR 2, WR 4, WR 5, ,TE 4, ,DST 3, 
50000,30,QB 3, ,RB 2, RB 4, ,WR 2, WR 3, WR 4, WR 5, ,TE 4, ,DST 3, 
50000,31,QB 3, ,RB 2, RB 4, ,WR 2, WR 4, WR 5, WR 6, ,TE 2, ,DST 3, 
49600,30,QB 3, ,RB 2, RB 4, ,WR 2, WR 4, WR 5, WR 6, ,TE 3, ,DST 1, 
49200,31,QB 3, ,RB 2, RB 4, ,WR 2, WR 4, WR 5, WR 6, ,TE 3, ,DST2, 
48900,32,QB 3, ,RB 2, RB 4, ,WR 2, WR 4, WR 5, WR 6, ,TE 3, ,DST 3, 
48600,31,QB 3, ,RB 2, RB 4, ,WR 2, WR 4, WR 5, WR 6, ,TE 4, ,DST 1, 
48200,32,QB 3, ,RB 2, RB 4, ,WR 2, WR 4, WR 5, WR 6, ,TE 4, ,DST2, 
47900,33,QB 3, ,RB 2, RB 4, ,WR 2, WR 4, WR 5, WR 6, ,TE 4, ,DST 3, 
50000,33,QB 3, ,RB 2, RB 5, ,WR 2, WR 4, WR 5, WR 6, ,TE 3, ,DST 3, 
49700,32,QB 3, ,RB 2, RB 5, ,WR 2, WR 4, WR 5, WR 6, ,TE 4, ,DST 1, 
49300,33,QB 3, ,RB 2, RB 5, ,WR 2, WR 4, WR 5, WR 6, ,TE 4, ,DST2, 
49000,34,QB 3, ,RB 2, RB 5, ,WR 2, WR 4, WR 5, WR 6, ,TE 4, ,DST 3, 
49700,26,QB 3, ,RB 3, RB 4, ,WR 1, WR 2, WR 4, WR 5, ,TE 2, ,DST2, 
49400,27,QB 3, ,RB 3, RB 4, ,WR 1, WR 2, WR 4, WR 5, ,TE 2, ,DST 3, 
49000,26,QB 3, ,RB 3, RB 4, ,WR 1, WR 2, WR 4, WR 5, ,TE 3, ,DST 1, 
48600,27,QB 3, ,RB 3, RB 4, ,WR 1, WR 2, WR 4, WR 5, ,TE 3, ,DST2, 
48300,28,QB 3, ,RB 3, RB 4, ,WR 1, WR 2, WR 4, WR 5, ,TE 3, ,DST 3, 
48000,27,QB 3, ,RB 3, RB 4, ,WR 1, WR 2, WR 4, WR 5, ,TE 4, ,DST 1, 
47600,28,QB 3, ,RB 3, RB 4, ,WR 1, WR 2, WR 4, WR 5, ,TE 4, ,DST2, 
47300,29,QB 3, ,RB 3, RB 4, ,WR 1, WR 2, WR 4, WR 5, ,TE 4, ,DST 3, 
49800,29,QB 3, ,RB 3, RB 4, ,WR 1, WR 2, WR 4, WR 5, ,TE 5, ,DST2, 
49500,30,QB 3, ,RB 3, RB 4, ,WR 1, WR 2, WR 4, WR 5, ,TE 5, ,DST 3, 
50000,29,QB 3, ,RB 3, RB 4, ,WR 1, WR 2, WR 4, WR 6, ,TE 3, ,DST 3, 
49700,28,QB 3, ,RB 3, RB 4, ,WR 1, WR 2, WR 4, WR 6, ,TE 4, ,DST 1, 
49300,29,QB 3, ,RB 3, RB 4, ,WR 1, WR 2, WR 4, WR 6, ,TE 4, ,DST2, 
49000,30,QB 3, ,RB 3, RB 4, ,WR 1, WR 2, WR 4, WR 6, ,TE 4, ,DST 3, 
49800,28,QB 3, ,RB 3, RB 4, ,WR 1, WR 2, WR 5, WR 6, ,TE 3, ,DST 1, 
49400,29,QB 3, ,RB 3, RB 4, ,WR 1, WR 2, WR 5, WR 6, ,TE 3, ,DST2, 
49100,30,QB 3, ,RB 3, RB 4, ,WR 1, WR 2, WR 5, WR 6, ,TE 3, ,DST 3, 
48800,29,QB 3, ,RB 3, RB 4, ,WR 1, WR 2, WR 5, WR 6, ,TE 4, ,DST 1, 
48400,30,QB 3, ,RB 3, RB 4, ,WR 1, WR 2, WR 5, WR 6, ,TE 4, ,DST2, 
48100,31,QB 3, ,RB 3, RB 4, ,WR 1, WR 2, WR 5, WR 6, ,TE 4, ,DST 3, 
50000,32,QB 3, ,RB 3, RB 4, ,WR 1, WR 4, WR 5, WR 6, ,TE 3, ,DST 3, 
49700,31,QB 3, ,RB 3, RB 4, ,WR 1, WR 4, WR 5, WR 6, ,TE 4, ,DST 1, 
49300,32,QB 3, ,RB 3, RB 4, ,WR 1, WR 4, WR 5, WR 6, ,TE 4, ,DST2, 
49000,33,QB 3, ,RB 3, RB 4, ,WR 1, WR 4, WR 5, WR 6, ,TE 4, ,DST 3, 
50000,29,QB 3, ,RB 3, RB 4, ,WR 2, WR 3, WR 4, WR 5, ,TE 2, ,DST 3, 
49600,28,QB 3, ,RB 3, RB 4, ,WR 2, WR 3, WR 4, WR 5, ,TE 3, ,DST 1, 
49200,29,QB 3, ,RB 3, RB 4, ,WR 2, WR 3, WR 4, WR 5, ,TE 3, ,DST2, 
48900,30,QB 3, ,RB 3, RB 4, ,WR 2, WR 3, WR 4, WR 5, ,TE 3, ,DST 3, 
48600,29,QB 3, ,RB 3, RB 4, ,WR 2, WR 3, WR 4, WR 5, ,TE 4, ,DST 1, 
48200,30,QB 3, ,RB 3, RB 4, ,WR 2, WR 3, WR 4, WR 5, ,TE 4, ,DST2, 
47900,31,QB 3, ,RB 3, RB 4, ,WR 2, WR 3, WR 4, WR 5, ,TE 4, ,DST 3, 
49900,31,QB 3, ,RB 3, RB 4, ,WR 2, WR 3, WR 4, WR 6, ,TE 4, ,DST2, 
49600,32,QB 3, ,RB 3, RB 4, ,WR 2, WR 3, WR 4, WR 6, ,TE 4, ,DST 3, 
50000,31,QB 3, ,RB 3, RB 4, ,WR 2, WR 3, WR 5, WR 6, ,TE 3, ,DST2, 
49700,32,QB 3, ,RB 3, RB 4, ,WR 2, WR 3, WR 5, WR 6, ,TE 3, ,DST 3, 
49400,31,QB 3, ,RB 3, RB 4, ,WR 2, WR 3, WR 5, WR 6, ,TE 4, ,DST 1, 
49000,32,QB 3, ,RB 3, RB 4, ,WR 2, WR 3, WR 5, WR 6, ,TE 4, ,DST2, 
48700,33,QB 3, ,RB 3, RB 4, ,WR 2, WR 3, WR 5, WR 6, ,TE 4, ,DST 3, 
48600,30,QB 3, ,RB 3, RB 4, ,WR 2, WR 4, WR 5, WR 6, ,TE 2, ,DST 1, 
48200,31,QB 3, ,RB 3, RB 4, ,WR 2, WR 4, WR 5, WR 6, ,TE 2, ,DST2, 
47900,32,QB 3, ,RB 3, RB 4, ,WR 2, WR 4, WR 5, WR 6, ,TE 2, ,DST 3, 
47500,31,QB 3, ,RB 3, RB 4, ,WR 2, WR 4, WR 5, WR 6, ,TE 3, ,DST 1, 
47100,32,QB 3, ,RB 3, RB 4, ,WR 2, WR 4, WR 5, WR 6, ,TE 3, ,DST2, 
46800,33,QB 3, ,RB 3, RB 4, ,WR 2, WR 4, WR 5, WR 6, ,TE 3, ,DST 3, 
46500,32,QB 3, ,RB 3, RB 4, ,WR 2, WR 4, WR 5, WR 6, ,TE 4, ,DST 1, 
46100,33,QB 3, ,RB 3, RB 4, ,WR 2, WR 4, WR 5, WR 6, ,TE 4, ,DST2, 
45800,34,QB 3, ,RB 3, RB 4, ,WR 2, WR 4, WR 5, WR 6, ,TE 4, ,DST 3, 
48700,33,QB 3, ,RB 3, RB 4, ,WR 2, WR 4, WR 5, WR 6, ,TE 5, ,DST 1, 
48300,34,QB 3, ,RB 3, RB 4, ,WR 2, WR 4, WR 5, WR 6, ,TE 5, ,DST2, 
48000,35,QB 3, ,RB 3, RB 4, ,WR 2, WR 4, WR 5, WR 6, ,TE 5, ,DST 3, 
49900,34,QB 3, ,RB 3, RB 4, ,WR 3, WR 4, WR 5, WR 6, ,TE 4, ,DST2, 
49600,35,QB 3, ,RB 3, RB 4, ,WR 3, WR 4, WR 5, WR 6, ,TE 4, ,DST 3, 
49700,28,QB 3, ,RB 3, RB 5, ,WR 1, WR 2, WR 4, WR 5, ,TE 3, ,DST2, 
49400,29,QB 3, ,RB 3, RB 5, ,WR 1, WR 2, WR 4, WR 5, ,TE 3, ,DST 3, 
49100,28,QB 3, ,RB 3, RB 5, ,WR 1, WR 2, WR 4, WR 5, ,TE 4, ,DST 1, 
48700,29,QB 3, ,RB 3, RB 5, ,WR 1, WR 2, WR 4, WR 5, ,TE 4, ,DST2, 
48400,30,QB 3, ,RB 3, RB 5, ,WR 1, WR 2, WR 4, WR 5, ,TE 4, ,DST 3, 
49900,30,QB 3, ,RB 3, RB 5, ,WR 1, WR 2, WR 5, WR 6, ,TE 4, ,DST 1, 
49500,31,QB 3, ,RB 3, RB 5, ,WR 1, WR 2, WR 5, WR 6, ,TE 4, ,DST2, 
49200,32,QB 3, ,RB 3, RB 5, ,WR 1, WR 2, WR 5, WR 6, ,TE 4, ,DST 3, 
50000,31,QB 3, ,RB 3, RB 5, ,WR 2, WR 3, WR 4, WR 5, ,TE 3, ,DST 3, 
49700,30,QB 3, ,RB 3, RB 5, ,WR 2, WR 3, WR 4, WR 5, ,TE 4, ,DST 1, 
49300,31,QB 3, ,RB 3, RB 5, ,WR 2, WR 3, WR 4, WR 5, ,TE 4, ,DST2, 
49000,32,QB 3, ,RB 3, RB 5, ,WR 2, WR 3, WR 4, WR 5, ,TE 4, ,DST 3, 
49800,34,QB 3, ,RB 3, RB 5, ,WR 2, WR 3, WR 5, WR 6, ,TE 4, ,DST 3, 
49700,31,QB 3, ,RB 3, RB 5, ,WR 2, WR 4, WR 5, WR 6, ,TE 2, ,DST 1, 
49300,32,QB 3, ,RB 3, RB 5, ,WR 2, WR 4, WR 5, WR 6, ,TE 2, ,DST2, 
49000,33,QB 3, ,RB 3, RB 5, ,WR 2, WR 4, WR 5, WR 6, ,TE 2, ,DST 3, 
48600,32,QB 3, ,RB 3, RB 5, ,WR 2, WR 4, WR 5, WR 6, ,TE 3, ,DST 1, 
48200,33,QB 3, ,RB 3, RB 5, ,WR 2, WR 4, WR 5, WR 6, ,TE 3, ,DST2, 
47900,34,QB 3, ,RB 3, RB 5, ,WR 2, WR 4, WR 5, WR 6, ,TE 3, ,DST 3, 
47600,33,QB 3, ,RB 3, RB 5, ,WR 2, WR 4, WR 5, WR 6, ,TE 4, ,DST 1, 
47200,34,QB 3, ,RB 3, RB 5, ,WR 2, WR 4, WR 5, WR 6, ,TE 4, ,DST2, 
46900,35,QB 3, ,RB 3, RB 5, ,WR 2, WR 4, WR 5, WR 6, ,TE 4, ,DST 3, 
49800,34,QB 3, ,RB 3, RB 5, ,WR 2, WR 4, WR 5, WR 6, ,TE 5, ,DST 1, 
49400,35,QB 3, ,RB 3, RB 5, ,WR 2, WR 4, WR 5, WR 6, ,TE 5, ,DST2, 
49100,36,QB 3, ,RB 3, RB 5, ,WR 2, WR 4, WR 5, WR 6, ,TE 5, ,DST 3, 
49800,34,QB 3, ,RB 4, RB 5, ,WR 2, WR 4, WR 5, WR 6, ,TE 4, ,DST 1, 
49400,35,QB 3, ,RB 4, RB 5, ,WR 2, WR 4, WR 5, WR 6, ,TE 4, ,DST2, 
49100,36,QB 3, ,RB 4, RB 5, ,WR 2, WR 4, WR 5, WR 6, ,TE 4, ,DST 3, 
49900,29,QB 4, ,RB 1, RB 2, ,WR 2, WR 4, WR 5, WR 6, ,TE 3, ,DST2, 
49600,30,QB 4, ,RB 1, RB 2, ,WR 2, WR 4, WR 5, WR 6, ,TE 3, ,DST 3, 
49300,29,QB 4, ,RB 1, RB 2, ,WR 2, WR 4, WR 5, WR 6, ,TE 4, ,DST 1, 
48900,30,QB 4, ,RB 1, RB 2, ,WR 2, WR 4, WR 5, WR 6, ,TE 4, ,DST2, 
48600,31,QB 4, ,RB 1, RB 2, ,WR 2, WR 4, WR 5, WR 6, ,TE 4, ,DST 3, 
49700,24,QB 4, ,RB 1, RB 3, ,WR 1, WR 2, WR 4, WR 5, ,TE 3, ,DST 1, 
49300,25,QB 4, ,RB 1, RB 3, ,WR 1, WR 2, WR 4, WR 5, ,TE 3, ,DST2, 
49000,26,QB 4, ,RB 1, RB 3, ,WR 1, WR 2, WR 4, WR 5, ,TE 3, ,DST 3, 
48700,25,QB 4, ,RB 1, RB 3, ,WR 1, WR 2, WR 4, WR 5, ,TE 4, ,DST 1, 
48300,26,QB 4, ,RB 1, RB 3, ,WR 1, WR 2, WR 4, WR 5, ,TE 4, ,DST2, 
48000,27,QB 4, ,RB 1, RB 3, ,WR 1, WR 2, WR 4, WR 5, ,TE 4, ,DST 3, 
50000,27,QB 4, ,RB 1, RB 3, ,WR 1, WR 2, WR 4, WR 6, ,TE 4, ,DST2, 
49700,28,QB 4, ,RB 1, RB 3, ,WR 1, WR 2, WR 4, WR 6, ,TE 4, ,DST 3, 
49800,28,QB 4, ,RB 1, RB 3, ,WR 1, WR 2, WR 5, WR 6, ,TE 3, ,DST 3, 
49500,27,QB 4, ,RB 1, RB 3, ,WR 1, WR 2, WR 5, WR 6, ,TE 4, ,DST 1, 
49100,28,QB 4, ,RB 1, RB 3, ,WR 1, WR 2, WR 5, WR 6, ,TE 4, ,DST2, 
48800,29,QB 4, ,RB 1, RB 3, ,WR 1, WR 2, WR 5, WR 6, ,TE 4, ,DST 3, 
50000,30,QB 4, ,RB 1, RB 3, ,WR 1, WR 4, WR 5, WR 6, ,TE 4, ,DST2, 
49700,31,QB 4, ,RB 1, RB 3, ,WR 1, WR 4, WR 5, WR 6, ,TE 4, ,DST 3, 
49900,27,QB 4, ,RB 1, RB 3, ,WR 2, WR 3, WR 4, WR 5, ,TE 3, ,DST2, 
49600,28,QB 4, ,RB 1, RB 3, ,WR 2, WR 3, WR 4, WR 5, ,TE 3, ,DST 3, 
49300,27,QB 4, ,RB 1, RB 3, ,WR 2, WR 3, WR 4, WR 5, ,TE 4, ,DST 1, 
48900,28,QB 4, ,RB 1, RB 3, ,WR 2, WR 3, WR 4, WR 5, ,TE 4, ,DST2, 
48600,29,QB 4, ,RB 1, RB 3, ,WR 2, WR 3, WR 4, WR 5, ,TE 4, ,DST 3, 
49700,30,QB 4, ,RB 1, RB 3, ,WR 2, WR 3, WR 5, WR 6, ,TE 4, ,DST2, 
49400,31,QB 4, ,RB 1, RB 3, ,WR 2, WR 3, WR 5, WR 6, ,TE 4, ,DST 3, 
49300,28,QB 4, ,RB 1, RB 3, ,WR 2, WR 4, WR 5, WR 6, ,TE 2, ,DST 1, 
48900,29,QB 4, ,RB 1, RB 3, ,WR 2, WR 4, WR 5, WR 6, ,TE 2, ,DST2, 
48600,30,QB 4, ,RB 1, RB 3, ,WR 2, WR 4, WR 5, WR 6, ,TE 2, ,DST 3, 
48200,29,QB 4, ,RB 1, RB 3, ,WR 2, WR 4, WR 5, WR 6, ,TE 3, ,DST 1, 
47800,30,QB 4, ,RB 1, RB 3, ,WR 2, WR 4, WR 5, WR 6, ,TE 3, ,DST2, 
47500,31,QB 4, ,RB 1, RB 3, ,WR 2, WR 4, WR 5, WR 6, ,TE 3, ,DST 3, 
47200,30,QB 4, ,RB 1, RB 3, ,WR 2, WR 4, WR 5, WR 6, ,TE 4, ,DST 1, 
46800,31,QB 4, ,RB 1, RB 3, ,WR 2, WR 4, WR 5, WR 6, ,TE 4, ,DST2, 
46500,32,QB 4, ,RB 1, RB 3, ,WR 2, WR 4, WR 5, WR 6, ,TE 4, ,DST 3, 
49400,31,QB 4, ,RB 1, RB 3, ,WR 2, WR 4, WR 5, WR 6, ,TE 5, ,DST 1, 
49000,32,QB 4, ,RB 1, RB 3, ,WR 2, WR 4, WR 5, WR 6, ,TE 5, ,DST2, 
48700,33,QB 4, ,RB 1, RB 3, ,WR 2, WR 4, WR 5, WR 6, ,TE 5, ,DST 3, 
50000,31,QB 4, ,RB 1, RB 4, ,WR 2, WR 4, WR 5, WR 6, ,TE 3, ,DST2, 
49700,32,QB 4, ,RB 1, RB 4, ,WR 2, WR 4, WR 5, WR 6, ,TE 3, ,DST 3, 
49400,31,QB 4, ,RB 1, RB 4, ,WR 2, WR 4, WR 5, WR 6, ,TE 4, ,DST 1, 
49000,32,QB 4, ,RB 1, RB 4, ,WR 2, WR 4, WR 5, WR 6, ,TE 4, ,DST2, 
48700,33,QB 4, ,RB 1, RB 4, ,WR 2, WR 4, WR 5, WR 6, ,TE 4, ,DST 3, 
49800,34,QB 4, ,RB 1, RB 5, ,WR 2, WR 4, WR 5, WR 6, ,TE 4, ,DST 3, 
49900,26,QB 4, ,RB 2, RB 3, ,WR 1, WR 2, WR 3, WR 4, ,TE 4, ,DST 3, 
50000,26,QB 4, ,RB 2, RB 3, ,WR 1, WR 2, WR 3, WR 5, ,TE 3, ,DST 3, 
49700,25,QB 4, ,RB 2, RB 3, ,WR 1, WR 2, WR 3, WR 5, ,TE 4, ,DST 1, 
49300,26,QB 4, ,RB 2, RB 3, ,WR 1, WR 2, WR 3, WR 5, ,TE 4, ,DST2, 
49000,27,QB 4, ,RB 2, RB 3, ,WR 1, WR 2, WR 3, WR 5, ,TE 4, ,DST 3, 
48900,24,QB 4, ,RB 2, RB 3, ,WR 1, WR 2, WR 4, WR 5, ,TE 2, ,DST 1, 
48500,25,QB 4, ,RB 2, RB 3, ,WR 1, WR 2, WR 4, WR 5, ,TE 2, ,DST2, 
48200,26,QB 4, ,RB 2, RB 3, ,WR 1, WR 2, WR 4, WR 5, ,TE 2, ,DST 3, 
47800,25,QB 4, ,RB 2, RB 3, ,WR 1, WR 2, WR 4, WR 5, ,TE 3, ,DST 1, 
47400,26,QB 4, ,RB 2, RB 3, ,WR 1, WR 2, WR 4, WR 5, ,TE 3, ,DST2, 
47100,27,QB 4, ,RB 2, RB 3, ,WR 1, WR 2, WR 4, WR 5, ,TE 3, ,DST 3, 
46800,26,QB 4, ,RB 2, RB 3, ,WR 1, WR 2, WR 4, WR 5, ,TE 4, ,DST 1, 
46400,27,QB 4, ,RB 2, RB 3, ,WR 1, WR 2, WR 4, WR 5, ,TE 4, ,DST2, 
46100,28,QB 4, ,RB 2, RB 3, ,WR 1, WR 2, WR 4, WR 5, ,TE 4, ,DST 3, 
49000,27,QB 4, ,RB 2, RB 3, ,WR 1, WR 2, WR 4, WR 5, ,TE 5, ,DST 1, 
48600,28,QB 4, ,RB 2, RB 3, ,WR 1, WR 2, WR 4, WR 5, ,TE 5, ,DST2, 
48300,29,QB 4, ,RB 2, RB 3, ,WR 1, WR 2, WR 4, WR 5, ,TE 5, ,DST 3, 
49900,27,QB 4, ,RB 2, RB 3, ,WR 1, WR 2, WR 4, WR 6, ,TE 2, ,DST 3, 
49500,26,QB 4, ,RB 2, RB 3, ,WR 1, WR 2, WR 4, WR 6, ,TE 3, ,DST 1, 
49100,27,QB 4, ,RB 2, RB 3, ,WR 1, WR 2, WR 4, WR 6, ,TE 3, ,DST2, 
48800,28,QB 4, ,RB 2, RB 3, ,WR 1, WR 2, WR 4, WR 6, ,TE 3, ,DST 3, 
48500,27,QB 4, ,RB 2, RB 3, ,WR 1, WR 2, WR 4, WR 6, ,TE 4, ,DST 1, 
48100,28,QB 4, ,RB 2, RB 3, ,WR 1, WR 2, WR 4, WR 6, ,TE 4, ,DST2, 
47800,29,QB 4, ,RB 2, RB 3, ,WR 1, WR 2, WR 4, WR 6, ,TE 4, ,DST 3, 
50000,30,QB 4, ,RB 2, RB 3, ,WR 1, WR 2, WR 4, WR 6, ,TE 5, ,DST 3, 
49700,26,QB 4, ,RB 2, RB 3, ,WR 1, WR 2, WR 5, WR 6, ,TE 2, ,DST 1, 
49300,27,QB 4, ,RB 2, RB 3, ,WR 1, WR 2, WR 5, WR 6, ,TE 2, ,DST2, 
49000,28,QB 4, ,RB 2, RB 3, ,WR 1, WR 2, WR 5, WR 6, ,TE 2, ,DST 3, 
48600,27,QB 4, ,RB 2, RB 3, ,WR 1, WR 2, WR 5, WR 6, ,TE 3, ,DST 1, 
48200,28,QB 4, ,RB 2, RB 3, ,WR 1, WR 2, WR 5, WR 6, ,TE 3, ,DST2, 
47900,29,QB 4, ,RB 2, RB 3, ,WR 1, WR 2, WR 5, WR 6, ,TE 3, ,DST 3, 
47600,28,QB 4, ,RB 2, RB 3, ,WR 1, WR 2, WR 5, WR 6, ,TE 4, ,DST 1, 
47200,29,QB 4, ,RB 2, RB 3, ,WR 1, WR 2, WR 5, WR 6, ,TE 4, ,DST2, 
46900,30,QB 4, ,RB 2, RB 3, ,WR 1, WR 2, WR 5, WR 6, ,TE 4, ,DST 3, 
49800,29,QB 4, ,RB 2, RB 3, ,WR 1, WR 2, WR 5, WR 6, ,TE 5, ,DST 1, 
49400,30,QB 4, ,RB 2, RB 3, ,WR 1, WR 2, WR 5, WR 6, ,TE 5, ,DST2, 
49100,31,QB 4, ,RB 2, RB 3, ,WR 1, WR 2, WR 5, WR 6, ,TE 5, ,DST 3, 
49900,29,QB 4, ,RB 2, RB 3, ,WR 1, WR 3, WR 4, WR 5, ,TE 4, ,DST 3, 
49900,30,QB 4, ,RB 2, RB 3, ,WR 1, WR 4, WR 5, WR 6, ,TE 2, ,DST 3, 
49500,29,QB 4, ,RB 2, RB 3, ,WR 1, WR 4, WR 5, WR 6, ,TE 3, ,DST 1, 
49100,30,QB 4, ,RB 2, RB 3, ,WR 1, WR 4, WR 5, WR 6, ,TE 3, ,DST2, 
48800,31,QB 4, ,RB 2, RB 3, ,WR 1, WR 4, WR 5, WR 6, ,TE 3, ,DST 3, 
48500,30,QB 4, ,RB 2, RB 3, ,WR 1, WR 4, WR 5, WR 6, ,TE 4, ,DST 1, 
48100,31,QB 4, ,RB 2, RB 3, ,WR 1, WR 4, WR 5, WR 6, ,TE 4, ,DST2, 
47800,32,QB 4, ,RB 2, RB 3, ,WR 1, WR 4, WR 5, WR 6, ,TE 4, ,DST 3, 
50000,33,QB 4, ,RB 2, RB 3, ,WR 1, WR 4, WR 5, WR 6, ,TE 5, ,DST 3, 
49500,26,QB 4, ,RB 2, RB 3, ,WR 2, WR 3, WR 4, WR 5, ,TE 2, ,DST 1, 
49100,27,QB 4, ,RB 2, RB 3, ,WR 2, WR 3, WR 4, WR 5, ,TE 2, ,DST2, 
48800,28,QB 4, ,RB 2, RB 3, ,WR 2, WR 3, WR 4, WR 5, ,TE 2, ,DST 3, 
48400,27,QB 4, ,RB 2, RB 3, ,WR 2, WR 3, WR 4, WR 5, ,TE 3, ,DST 1, 
48000,28,QB 4, ,RB 2, RB 3, ,WR 2, WR 3, WR 4, WR 5, ,TE 3, ,DST2, 
47700,29,QB 4, ,RB 2, RB 3, ,WR 2, WR 3, WR 4, WR 5, ,TE 3, ,DST 3, 
47400,28,QB 4, ,RB 2, RB 3, ,WR 2, WR 3, WR 4, WR 5, ,TE 4, ,DST 1, 
47000,29,QB 4, ,RB 2, RB 3, ,WR 2, WR 3, WR 4, WR 5, ,TE 4, ,DST2, 
46700,30,QB 4, ,RB 2, RB 3, ,WR 2, WR 3, WR 4, WR 5, ,TE 4, ,DST 3, 
49600,29,QB 4, ,RB 2, RB 3, ,WR 2, WR 3, WR 4, WR 5, ,TE 5, ,DST 1, 
49200,30,QB 4, ,RB 2, RB 3, ,WR 2, WR 3, WR 4, WR 5, ,TE 5, ,DST2, 
48900,31,QB 4, ,RB 2, RB 3, ,WR 2, WR 3, WR 4, WR 5, ,TE 5, ,DST 3, 
49700,29,QB 4, ,RB 2, RB 3, ,WR 2, WR 3, WR 4, WR 6, ,TE 3, ,DST2, 
49400,30,QB 4, ,RB 2, RB 3, ,WR 2, WR 3, WR 4, WR 6, ,TE 3, ,DST 3, 
49100,29,QB 4, ,RB 2, RB 3, ,WR 2, WR 3, WR 4, WR 6, ,TE 4, ,DST 1, 
48700,30,QB 4, ,RB 2, RB 3, ,WR 2, WR 3, WR 4, WR 6, ,TE 4, ,DST2, 
48400,31,QB 4, ,RB 2, RB 3, ,WR 2, WR 3, WR 4, WR 6, ,TE 4, ,DST 3, 
49900,29,QB 4, ,RB 2, RB 3, ,WR 2, WR 3, WR 5, WR 6, ,TE 2, ,DST2, 
49600,30,QB 4, ,RB 2, RB 3, ,WR 2, WR 3, WR 5, WR 6, ,TE 2, ,DST 3, 
49200,29,QB 4, ,RB 2, RB 3, ,WR 2, WR 3, WR 5, WR 6, ,TE 3, ,DST 1, 
48800,30,QB 4, ,RB 2, RB 3, ,WR 2, WR 3, WR 5, WR 6, ,TE 3, ,DST2, 
48500,31,QB 4, ,RB 2, RB 3, ,WR 2, WR 3, WR 5, WR 6, ,TE 3, ,DST 3, 
48200,30,QB 4, ,RB 2, RB 3, ,WR 2, WR 3, WR 5, WR 6, ,TE 4, ,DST 1, 
47800,31,QB 4, ,RB 2, RB 3, ,WR 2, WR 3, WR 5, WR 6, ,TE 4, ,DST2, 
47500,32,QB 4, ,RB 2, RB 3, ,WR 2, WR 3, WR 5, WR 6, ,TE 4, ,DST 3, 
50000,32,QB 4, ,RB 2, RB 3, ,WR 2, WR 3, WR 5, WR 6, ,TE 5, ,DST2, 
49700,33,QB 4, ,RB 2, RB 3, ,WR 2, WR 3, WR 5, WR 6, ,TE 5, ,DST 3, 
50000,30,QB 4, ,RB 2, RB 3, ,WR 2, WR 4, WR 5, WR 6, ,TE 1, ,DST 3, 
47400,29,QB 4, ,RB 2, RB 3, ,WR 2, WR 4, WR 5, WR 6, ,TE 2, ,DST 1, 
47000,30,QB 4, ,RB 2, RB 3, ,WR 2, WR 4, WR 5, WR 6, ,TE 2, ,DST2, 
46700,31,QB 4, ,RB 2, RB 3, ,WR 2, WR 4, WR 5, WR 6, ,TE 2, ,DST 3, 
46300,30,QB 4, ,RB 2, RB 3, ,WR 2, WR 4, WR 5, WR 6, ,TE 3, ,DST 1, 
45900,31,QB 4, ,RB 2, RB 3, ,WR 2, WR 4, WR 5, WR 6, ,TE 3, ,DST2, 
45600,32,QB 4, ,RB 2, RB 3, ,WR 2, WR 4, WR 5, WR 6, ,TE 3, ,DST 3, 
45300,31,QB 4, ,RB 2, RB 3, ,WR 2, WR 4, WR 5, WR 6, ,TE 4, ,DST 1, 
44900,32,QB 4, ,RB 2, RB 3, ,WR 2, WR 4, WR 5, WR 6, ,TE 4, ,DST2, 
44600,33,QB 4, ,RB 2, RB 3, ,WR 2, WR 4, WR 5, WR 6, ,TE 4, ,DST 3, 
47500,32,QB 4, ,RB 2, RB 3, ,WR 2, WR 4, WR 5, WR 6, ,TE 5, ,DST 1, 
47100,33,QB 4, ,RB 2, RB 3, ,WR 2, WR 4, WR 5, WR 6, ,TE 5, ,DST2, 
46800,34,QB 4, ,RB 2, RB 3, ,WR 2, WR 4, WR 5, WR 6, ,TE 5, ,DST 3, 
49700,32,QB 4, ,RB 2, RB 3, ,WR 3, WR 4, WR 5, WR 6, ,TE 3, ,DST2, 
49400,33,QB 4, ,RB 2, RB 3, ,WR 3, WR 4, WR 5, WR 6, ,TE 3, ,DST 3, 
49100,32,QB 4, ,RB 2, RB 3, ,WR 3, WR 4, WR 5, WR 6, ,TE 4, ,DST 1, 
48700,33,QB 4, ,RB 2, RB 3, ,WR 3, WR 4, WR 5, WR 6, ,TE 4, ,DST2, 
48400,34,QB 4, ,RB 2, RB 3, ,WR 3, WR 4, WR 5, WR 6, ,TE 4, ,DST 3, 
50000,26,QB 4, ,RB 2, RB 4, ,WR 1, WR 2, WR 4, WR 5, ,TE 3, ,DST 1, 
49600,27,QB 4, ,RB 2, RB 4, ,WR 1, WR 2, WR 4, WR 5, ,TE 3, ,DST2, 
49300,28,QB 4, ,RB 2, RB 4, ,WR 1, WR 2, WR 4, WR 5, ,TE 3, ,DST 3, 
49000,27,QB 4, ,RB 2, RB 4, ,WR 1, WR 2, WR 4, WR 5, ,TE 4, ,DST 1, 
48600,28,QB 4, ,RB 2, RB 4, ,WR 1, WR 2, WR 4, WR 5, ,TE 4, ,DST2, 
48300,29,QB 4, ,RB 2, RB 4, ,WR 1, WR 2, WR 4, WR 5, ,TE 4, ,DST 3, 
50000,30,QB 4, ,RB 2, RB 4, ,WR 1, WR 2, WR 4, WR 6, ,TE 4, ,DST 3, 
49800,29,QB 4, ,RB 2, RB 4, ,WR 1, WR 2, WR 5, WR 6, ,TE 4, ,DST 1, 
49400,30,QB 4, ,RB 2, RB 4, ,WR 1, WR 2, WR 5, WR 6, ,TE 4, ,DST2, 
49100,31,QB 4, ,RB 2, RB 4, ,WR 1, WR 2, WR 5, WR 6, ,TE 4, ,DST 3, 
50000,33,QB 4, ,RB 2, RB 4, ,WR 1, WR 4, WR 5, WR 6, ,TE 4, ,DST 3, 
49900,30,QB 4, ,RB 2, RB 4, ,WR 2, WR 3, WR 4, WR 5, ,TE 3, ,DST 3, 
49600,29,QB 4, ,RB 2, RB 4, ,WR 2, WR 3, WR 4, WR 5, ,TE 4, ,DST 1, 
49200,30,QB 4, ,RB 2, RB 4, ,WR 2, WR 3, WR 4, WR 5, ,TE 4, ,DST2, 
48900,31,QB 4, ,RB 2, RB 4, ,WR 2, WR 3, WR 4, WR 5, ,TE 4, ,DST 3, 
50000,32,QB 4, ,RB 2, RB 4, ,WR 2, WR 3, WR 5, WR 6, ,TE 4, ,DST2, 
49700,33,QB 4, ,RB 2, RB 4, ,WR 2, WR 3, WR 5, WR 6, ,TE 4, ,DST 3, 
49600,30,QB 4, ,RB 2, RB 4, ,WR 2, WR 4, WR 5, WR 6, ,TE 2, ,DST 1, 
49200,31,QB 4, ,RB 2, RB 4, ,WR 2, WR 4, WR 5, WR 6, ,TE 2, ,DST2, 
48900,32,QB 4, ,RB 2, RB 4, ,WR 2, WR 4, WR 5, WR 6, ,TE 2, ,DST 3, 
48500,31,QB 4, ,RB 2, RB 4, ,WR 2, WR 4, WR 5, WR 6, ,TE 3, ,DST 1, 
48100,32,QB 4, ,RB 2, RB 4, ,WR 2, WR 4, WR 5, WR 6, ,TE 3, ,DST2, 
47800,33,QB 4, ,RB 2, RB 4, ,WR 2, WR 4, WR 5, WR 6, ,TE 3, ,DST 3, 
47500,32,QB 4, ,RB 2, RB 4, ,WR 2, WR 4, WR 5, WR 6, ,TE 4, ,DST 1, 
47100,33,QB 4, ,RB 2, RB 4, ,WR 2, WR 4, WR 5, WR 6, ,TE 4, ,DST2, 
46800,34,QB 4, ,RB 2, RB 4, ,WR 2, WR 4, WR 5, WR 6, ,TE 4, ,DST 3, 
49700,33,QB 4, ,RB 2, RB 4, ,WR 2, WR 4, WR 5, WR 6, ,TE 5, ,DST 1, 
49300,34,QB 4, ,RB 2, RB 4, ,WR 2, WR 4, WR 5, WR 6, ,TE 5, ,DST2, 
49000,35,QB 4, ,RB 2, RB 4, ,WR 2, WR 4, WR 5, WR 6, ,TE 5, ,DST 3, 
49700,29,QB 4, ,RB 2, RB 5, ,WR 1, WR 2, WR 4, WR 5, ,TE 4, ,DST2, 
49400,30,QB 4, ,RB 2, RB 5, ,WR 1, WR 2, WR 4, WR 5, ,TE 4, ,DST 3, 
50000,32,QB 4, ,RB 2, RB 5, ,WR 2, WR 3, WR 4, WR 5, ,TE 4, ,DST 3, 
50000,33,QB 4, ,RB 2, RB 5, ,WR 2, WR 4, WR 5, WR 6, ,TE 2, ,DST 3, 
49600,32,QB 4, ,RB 2, RB 5, ,WR 2, WR 4, WR 5, WR 6, ,TE 3, ,DST 1, 
49200,33,QB 4, ,RB 2, RB 5, ,WR 2, WR 4, WR 5, WR 6, ,TE 3, ,DST2, 
48900,34,QB 4, ,RB 2, RB 5, ,WR 2, WR 4, WR 5, WR 6, ,TE 3, ,DST 3, 
48600,33,QB 4, ,RB 2, RB 5, ,WR 2, WR 4, WR 5, WR 6, ,TE 4, ,DST 1, 
48200,34,QB 4, ,RB 2, RB 5, ,WR 2, WR 4, WR 5, WR 6, ,TE 4, ,DST2, 
47900,35,QB 4, ,RB 2, RB 5, ,WR 2, WR 4, WR 5, WR 6, ,TE 4, ,DST 3, 
50000,28,QB 4, ,RB 3, RB 4, ,WR 1, WR 2, WR 3, WR 4, ,TE 4, ,DST 3, 
49800,27,QB 4, ,RB 3, RB 4, ,WR 1, WR 2, WR 3, WR 5, ,TE 4, ,DST 1, 
49400,28,QB 4, ,RB 3, RB 4, ,WR 1, WR 2, WR 3, WR 5, ,TE 4, ,DST2, 
49100,29,QB 4, ,RB 3, RB 4, ,WR 1, WR 2, WR 3, WR 5, ,TE 4, ,DST 3, 
49000,26,QB 4, ,RB 3, RB 4, ,WR 1, WR 2, WR 4, WR 5, ,TE 2, ,DST 1, 
48600,27,QB 4, ,RB 3, RB 4, ,WR 1, WR 2, WR 4, WR 5, ,TE 2, ,DST2, 
48300,28,QB 4, ,RB 3, RB 4, ,WR 1, WR 2, WR 4, WR 5, ,TE 2, ,DST 3, 
47900,27,QB 4, ,RB 3, RB 4, ,WR 1, WR 2, WR 4, WR 5, ,TE 3, ,DST 1, 
47500,28,QB 4, ,RB 3, RB 4, ,WR 1, WR 2, WR 4, WR 5, ,TE 3, ,DST2, 
47200,29,QB 4, ,RB 3, RB 4, ,WR 1, WR 2, WR 4, WR 5, ,TE 3, ,DST 3, 
46900,28,QB 4, ,RB 3, RB 4, ,WR 1, WR 2, WR 4, WR 5, ,TE 4, ,DST 1, 
46500,29,QB 4, ,RB 3, RB 4, ,WR 1, WR 2, WR 4, WR 5, ,TE 4, ,DST2, 
46200,30,QB 4, ,RB 3, RB 4, ,WR 1, WR 2, WR 4, WR 5, ,TE 4, ,DST 3, 
49100,29,QB 4, ,RB 3, RB 4, ,WR 1, WR 2, WR 4, WR 5, ,TE 5, ,DST 1, 
48700,30,QB 4, ,RB 3, RB 4, ,WR 1, WR 2, WR 4, WR 5, ,TE 5, ,DST2, 
48400,31,QB 4, ,RB 3, RB 4, ,WR 1, WR 2, WR 4, WR 5, ,TE 5, ,DST 3, 
50000,29,QB 4, ,RB 3, RB 4, ,WR 1, WR 2, WR 4, WR 6, ,TE 2, ,DST 3, 
49600,28,QB 4, ,RB 3, RB 4, ,WR 1, WR 2, WR 4, WR 6, ,TE 3, ,DST 1, 
49200,29,QB 4, ,RB 3, RB 4, ,WR 1, WR 2, WR 4, WR 6, ,TE 3, ,DST2, 
48900,30,QB 4, ,RB 3, RB 4, ,WR 1, WR 2, WR 4, WR 6, ,TE 3, ,DST 3, 
48600,29,QB 4, ,RB 3, RB 4, ,WR 1, WR 2, WR 4, WR 6, ,TE 4, ,DST 1, 
48200,30,QB 4, ,RB 3, RB 4, ,WR 1, WR 2, WR 4, WR 6, ,TE 4, ,DST2, 
47900,31,QB 4, ,RB 3, RB 4, ,WR 1, WR 2, WR 4, WR 6, ,TE 4, ,DST 3, 
49800,28,QB 4, ,RB 3, RB 4, ,WR 1, WR 2, WR 5, WR 6, ,TE 2, ,DST 1, 
49400,29,QB 4, ,RB 3, RB 4, ,WR 1, WR 2, WR 5, WR 6, ,TE 2, ,DST2, 
49100,30,QB 4, ,RB 3, RB 4, ,WR 1, WR 2, WR 5, WR 6, ,TE 2, ,DST 3, 
48700,29,QB 4, ,RB 3, RB 4, ,WR 1, WR 2, WR 5, WR 6, ,TE 3, ,DST 1, 
48300,30,QB 4, ,RB 3, RB 4, ,WR 1, WR 2, WR 5, WR 6, ,TE 3, ,DST2, 
48000,31,QB 4, ,RB 3, RB 4, ,WR 1, WR 2, WR 5, WR 6, ,TE 3, ,DST 3, 
47700,30,QB 4, ,RB 3, RB 4, ,WR 1, WR 2, WR 5, WR 6, ,TE 4, ,DST 1, 
47300,31,QB 4, ,RB 3, RB 4, ,WR 1, WR 2, WR 5, WR 6, ,TE 4, ,DST2, 
47000,32,QB 4, ,RB 3, RB 4, ,WR 1, WR 2, WR 5, WR 6, ,TE 4, ,DST 3, 
49900,31,QB 4, ,RB 3, RB 4, ,WR 1, WR 2, WR 5, WR 6, ,TE 5, ,DST 1, 
49500,32,QB 4, ,RB 3, RB 4, ,WR 1, WR 2, WR 5, WR 6, ,TE 5, ,DST2, 
49200,33,QB 4, ,RB 3, RB 4, ,WR 1, WR 2, WR 5, WR 6, ,TE 5, ,DST 3, 
50000,31,QB 4, ,RB 3, RB 4, ,WR 1, WR 3, WR 4, WR 5, ,TE 4, ,DST 3, 
50000,32,QB 4, ,RB 3, RB 4, ,WR 1, WR 4, WR 5, WR 6, ,TE 2, ,DST 3, 
49600,31,QB 4, ,RB 3, RB 4, ,WR 1, WR 4, WR 5, WR 6, ,TE 3, ,DST 1, 
49200,32,QB 4, ,RB 3, RB 4, ,WR 1, WR 4, WR 5, WR 6, ,TE 3, ,DST2, 
48900,33,QB 4, ,RB 3, RB 4, ,WR 1, WR 4, WR 5, WR 6, ,TE 3, ,DST 3, 
48600,32,QB 4, ,RB 3, RB 4, ,WR 1, WR 4, WR 5, WR 6, ,TE 4, ,DST 1, 
48200,33,QB 4, ,RB 3, RB 4, ,WR 1, WR 4, WR 5, WR 6, ,TE 4, ,DST2, 
47900,34,QB 4, ,RB 3, RB 4, ,WR 1, WR 4, WR 5, WR 6, ,TE 4, ,DST 3, 
49600,28,QB 4, ,RB 3, RB 4, ,WR 2, WR 3, WR 4, WR 5, ,TE 2, ,DST 1, 
49200,29,QB 4, ,RB 3, RB 4, ,WR 2, WR 3, WR 4, WR 5, ,TE 2, ,DST2, 
48900,30,QB 4, ,RB 3, RB 4, ,WR 2, WR 3, WR 4, WR 5, ,TE 2, ,DST 3, 
48500,29,QB 4, ,RB 3, RB 4, ,WR 2, WR 3, WR 4, WR 5, ,TE 3, ,DST 1, 
48100,30,QB 4, ,RB 3, RB 4, ,WR 2, WR 3, WR 4, WR 5, ,TE 3, ,DST2, 
47800,31,QB 4, ,RB 3, RB 4, ,WR 2, WR 3, WR 4, WR 5, ,TE 3, ,DST 3, 
47500,30,QB 4, ,RB 3, RB 4, ,WR 2, WR 3, WR 4, WR 5, ,TE 4, ,DST 1, 
47100,31,QB 4, ,RB 3, RB 4, ,WR 2, WR 3, WR 4, WR 5, ,TE 4, ,DST2, 
46800,32,QB 4, ,RB 3, RB 4, ,WR 2, WR 3, WR 4, WR 5, ,TE 4, ,DST 3, 
49700,31,QB 4, ,RB 3, RB 4, ,WR 2, WR 3, WR 4, WR 5, ,TE 5, ,DST 1, 
49300,32,QB 4, ,RB 3, RB 4, ,WR 2, WR 3, WR 4, WR 5, ,TE 5, ,DST2, 
49000,33,QB 4, ,RB 3, RB 4, ,WR 2, WR 3, WR 4, WR 5, ,TE 5, ,DST 3, 
49800,31,QB 4, ,RB 3, RB 4, ,WR 2, WR 3, WR 4, WR 6, ,TE 3, ,DST2, 
49500,32,QB 4, ,RB 3, RB 4, ,WR 2, WR 3, WR 4, WR 6, ,TE 3, ,DST 3, 
49200,31,QB 4, ,RB 3, RB 4, ,WR 2, WR 3, WR 4, WR 6, ,TE 4, ,DST 1, 
48800,32,QB 4, ,RB 3, RB 4, ,WR 2, WR 3, WR 4, WR 6, ,TE 4, ,DST2, 
48500,33,QB 4, ,RB 3, RB 4, ,WR 2, WR 3, WR 4, WR 6, ,TE 4, ,DST 3, 
50000,31,QB 4, ,RB 3, RB 4, ,WR 2, WR 3, WR 5, WR 6, ,TE 2, ,DST2, 
49700,32,QB 4, ,RB 3, RB 4, ,WR 2, WR 3, WR 5, WR 6, ,TE 2, ,DST 3, 
49300,31,QB 4, ,RB 3, RB 4, ,WR 2, WR 3, WR 5, WR 6, ,TE 3, ,DST 1, 
48900,32,QB 4, ,RB 3, RB 4, ,WR 2, WR 3, WR 5, WR 6, ,TE 3, ,DST2, 
48600,33,QB 4, ,RB 3, RB 4, ,WR 2, WR 3, WR 5, WR 6, ,TE 3, ,DST 3, 
48300,32,QB 4, ,RB 3, RB 4, ,WR 2, WR 3, WR 5, WR 6, ,TE 4, ,DST 1, 
47900,33,QB 4, ,RB 3, RB 4, ,WR 2, WR 3, WR 5, WR 6, ,TE 4, ,DST2, 
47600,34,QB 4, ,RB 3, RB 4, ,WR 2, WR 3, WR 5, WR 6, ,TE 4, ,DST 3, 
49800,35,QB 4, ,RB 3, RB 4, ,WR 2, WR 3, WR 5, WR 6, ,TE 5, ,DST 3, 
47500,31,QB 4, ,RB 3, RB 4, ,WR 2, WR 4, WR 5, WR 6, ,TE 2, ,DST 1, 
47100,32,QB 4, ,RB 3, RB 4, ,WR 2, WR 4, WR 5, WR 6, ,TE 2, ,DST2, 
46800,33,QB 4, ,RB 3, RB 4, ,WR 2, WR 4, WR 5, WR 6, ,TE 2, ,DST 3, 
46400,32,QB 4, ,RB 3, RB 4, ,WR 2, WR 4, WR 5, WR 6, ,TE 3, ,DST 1, 
46000,33,QB 4, ,RB 3, RB 4, ,WR 2, WR 4, WR 5, WR 6, ,TE 3, ,DST2, 
45700,34,QB 4, ,RB 3, RB 4, ,WR 2, WR 4, WR 5, WR 6, ,TE 3, ,DST 3, 
45400,33,QB 4, ,RB 3, RB 4, ,WR 2, WR 4, WR 5, WR 6, ,TE 4, ,DST 1, 
45000,34,QB 4, ,RB 3, RB 4, ,WR 2, WR 4, WR 5, WR 6, ,TE 4, ,DST2, 
44700,35,QB 4, ,RB 3, RB 4, ,WR 2, WR 4, WR 5, WR 6, ,TE 4, ,DST 3, 
47600,34,QB 4, ,RB 3, RB 4, ,WR 2, WR 4, WR 5, WR 6, ,TE 5, ,DST 1, 
47200,35,QB 4, ,RB 3, RB 4, ,WR 2, WR 4, WR 5, WR 6, ,TE 5, ,DST2, 
46900,36,QB 4, ,RB 3, RB 4, ,WR 2, WR 4, WR 5, WR 6, ,TE 5, ,DST 3, 
49800,34,QB 4, ,RB 3, RB 4, ,WR 3, WR 4, WR 5, WR 6, ,TE 3, ,DST2, 
49500,35,QB 4, ,RB 3, RB 4, ,WR 3, WR 4, WR 5, WR 6, ,TE 3, ,DST 3, 
49200,34,QB 4, ,RB 3, RB 4, ,WR 3, WR 4, WR 5, WR 6, ,TE 4, ,DST 1, 
48800,35,QB 4, ,RB 3, RB 4, ,WR 3, WR 4, WR 5, WR 6, ,TE 4, ,DST2, 
48500,36,QB 4, ,RB 3, RB 4, ,WR 3, WR 4, WR 5, WR 6, ,TE 4, ,DST 3, 
49700,28,QB 4, ,RB 3, RB 5, ,WR 1, WR 2, WR 4, WR 5, ,TE 2, ,DST2, 
49400,29,QB 4, ,RB 3, RB 5, ,WR 1, WR 2, WR 4, WR 5, ,TE 2, ,DST 3, 
49000,28,QB 4, ,RB 3, RB 5, ,WR 1, WR 2, WR 4, WR 5, ,TE 3, ,DST 1, 
48600,29,QB 4, ,RB 3, RB 5, ,WR 1, WR 2, WR 4, WR 5, ,TE 3, ,DST2, 
48300,30,QB 4, ,RB 3, RB 5, ,WR 1, WR 2, WR 4, WR 5, ,TE 3, ,DST 3, 
48000,29,QB 4, ,RB 3, RB 5, ,WR 1, WR 2, WR 4, WR 5, ,TE 4, ,DST 1, 
47600,30,QB 4, ,RB 3, RB 5, ,WR 1, WR 2, WR 4, WR 5, ,TE 4, ,DST2, 
47300,31,QB 4, ,RB 3, RB 5, ,WR 1, WR 2, WR 4, WR 5, ,TE 4, ,DST 3, 
49800,31,QB 4, ,RB 3, RB 5, ,WR 1, WR 2, WR 4, WR 5, ,TE 5, ,DST2, 
49500,32,QB 4, ,RB 3, RB 5, ,WR 1, WR 2, WR 4, WR 5, ,TE 5, ,DST 3, 
50000,31,QB 4, ,RB 3, RB 5, ,WR 1, WR 2, WR 4, WR 6, ,TE 3, ,DST 3, 
49700,30,QB 4, ,RB 3, RB 5, ,WR 1, WR 2, WR 4, WR 6, ,TE 4, ,DST 1, 
49300,31,QB 4, ,RB 3, RB 5, ,WR 1, WR 2, WR 4, WR 6, ,TE 4, ,DST2, 
49000,32,QB 4, ,RB 3, RB 5, ,WR 1, WR 2, WR 4, WR 6, ,TE 4, ,DST 3, 
49800,30,QB 4, ,RB 3, RB 5, ,WR 1, WR 2, WR 5, WR 6, ,TE 3, ,DST 1, 
49400,31,QB 4, ,RB 3, RB 5, ,WR 1, WR 2, WR 5, WR 6, ,TE 3, ,DST2, 
49100,32,QB 4, ,RB 3, RB 5, ,WR 1, WR 2, WR 5, WR 6, ,TE 3, ,DST 3, 
48800,31,QB 4, ,RB 3, RB 5, ,WR 1, WR 2, WR 5, WR 6, ,TE 4, ,DST 1, 
48400,32,QB 4, ,RB 3, RB 5, ,WR 1, WR 2, WR 5, WR 6, ,TE 4, ,DST2, 
48100,33,QB 4, ,RB 3, RB 5, ,WR 1, WR 2, WR 5, WR 6, ,TE 4, ,DST 3, 
50000,34,QB 4, ,RB 3, RB 5, ,WR 1, WR 4, WR 5, WR 6, ,TE 3, ,DST 3, 
49700,33,QB 4, ,RB 3, RB 5, ,WR 1, WR 4, WR 5, WR 6, ,TE 4, ,DST 1, 
49300,34,QB 4, ,RB 3, RB 5, ,WR 1, WR 4, WR 5, WR 6, ,TE 4, ,DST2, 
49000,35,QB 4, ,RB 3, RB 5, ,WR 1, WR 4, WR 5, WR 6, ,TE 4, ,DST 3, 
50000,31,QB 4, ,RB 3, RB 5, ,WR 2, WR 3, WR 4, WR 5, ,TE 2, ,DST 3, 
49600,30,QB 4, ,RB 3, RB 5, ,WR 2, WR 3, WR 4, WR 5, ,TE 3, ,DST 1, 
49200,31,QB 4, ,RB 3, RB 5, ,WR 2, WR 3, WR 4, WR 5, ,TE 3, ,DST2, 
48900,32,QB 4, ,RB 3, RB 5, ,WR 2, WR 3, WR 4, WR 5, ,TE 3, ,DST 3, 
48600,31,QB 4, ,RB 3, RB 5, ,WR 2, WR 3, WR 4, WR 5, ,TE 4, ,DST 1, 
48200,32,QB 4, ,RB 3, RB 5, ,WR 2, WR 3, WR 4, WR 5, ,TE 4, ,DST2, 
47900,33,QB 4, ,RB 3, RB 5, ,WR 2, WR 3, WR 4, WR 5, ,TE 4, ,DST 3, 
49900,33,QB 4, ,RB 3, RB 5, ,WR 2, WR 3, WR 4, WR 6, ,TE 4, ,DST2, 
49600,34,QB 4, ,RB 3, RB 5, ,WR 2, WR 3, WR 4, WR 6, ,TE 4, ,DST 3, 
50000,33,QB 4, ,RB 3, RB 5, ,WR 2, WR 3, WR 5, WR 6, ,TE 3, ,DST2, 
49700,34,QB 4, ,RB 3, RB 5, ,WR 2, WR 3, WR 5, WR 6, ,TE 3, ,DST 3, 
49400,33,QB 4, ,RB 3, RB 5, ,WR 2, WR 3, WR 5, WR 6, ,TE 4, ,DST 1, 
49000,34,QB 4, ,RB 3, RB 5, ,WR 2, WR 3, WR 5, WR 6, ,TE 4, ,DST2, 
48700,35,QB 4, ,RB 3, RB 5, ,WR 2, WR 3, WR 5, WR 6, ,TE 4, ,DST 3, 
48600,32,QB 4, ,RB 3, RB 5, ,WR 2, WR 4, WR 5, WR 6, ,TE 2, ,DST 1, 
48200,33,QB 4, ,RB 3, RB 5, ,WR 2, WR 4, WR 5, WR 6, ,TE 2, ,DST2, 
47900,34,QB 4, ,RB 3, RB 5, ,WR 2, WR 4, WR 5, WR 6, ,TE 2, ,DST 3, 
47500,33,QB 4, ,RB 3, RB 5, ,WR 2, WR 4, WR 5, WR 6, ,TE 3, ,DST 1, 
47100,34,QB 4, ,RB 3, RB 5, ,WR 2, WR 4, WR 5, WR 6, ,TE 3, ,DST2, 
46800,35,QB 4, ,RB 3, RB 5, ,WR 2, WR 4, WR 5, WR 6, ,TE 3, ,DST 3, 
46500,34,QB 4, ,RB 3, RB 5, ,WR 2, WR 4, WR 5, WR 6, ,TE 4, ,DST 1, 
46100,35,QB 4, ,RB 3, RB 5, ,WR 2, WR 4, WR 5, WR 6, ,TE 4, ,DST2, 
45800,36,QB 4, ,RB 3, RB 5, ,WR 2, WR 4, WR 5, WR 6, ,TE 4, ,DST 3, 
48700,35,QB 4, ,RB 3, RB 5, ,WR 2, WR 4, WR 5, WR 6, ,TE 5, ,DST 1, 
48300,36,QB 4, ,RB 3, RB 5, ,WR 2, WR 4, WR 5, WR 6, ,TE 5, ,DST2, 
48000,37,QB 4, ,RB 3, RB 5, ,WR 2, WR 4, WR 5, WR 6, ,TE 5, ,DST 3, 
49900,36,QB 4, ,RB 3, RB 5, ,WR 3, WR 4, WR 5, WR 6, ,TE 4, ,DST2, 
49600,37,QB 4, ,RB 3, RB 5, ,WR 3, WR 4, WR 5, WR 6, ,TE 4, ,DST 3, 
49800,31,QB 4, ,RB 4, RB 5, ,WR 1, WR 2, WR 4, WR 5, ,TE 4, ,DST2, 
49500,32,QB 4, ,RB 4, RB 5, ,WR 1, WR 2, WR 4, WR 5, ,TE 4, ,DST 3, 
49700,34,QB 4, ,RB 4, RB 5, ,WR 2, WR 4, WR 5, WR 6, ,TE 3, ,DST 1, 
49300,35,QB 4, ,RB 4, RB 5, ,WR 2, WR 4, WR 5, WR 6, ,TE 3, ,DST2, 
49000,36,QB 4, ,RB 4, RB 5, ,WR 2, WR 4, WR 5, WR 6, ,TE 3, ,DST 3, 
48700,35,QB 4, ,RB 4, RB 5, ,WR 2, WR 4, WR 5, WR 6, ,TE 4, ,DST 1, 
48300,36,QB 4, ,RB 4, RB 5, ,WR 2, WR 4, WR 5, WR 6, ,TE 4, ,DST2, 
48000,37,QB 4, ,RB 4, RB 5, ,WR 2, WR 4, WR 5, WR 6, ,TE 4, ,DST 3, 
50000,27,QB 5, ,RB 1, RB 2, ,WR 1, WR 2, WR 4, WR 5, ,TE 4, ,DST 3, 
49800,30,QB 5, ,RB 1, RB 2, ,WR 2, WR 4, WR 5, WR 6, ,TE 3, ,DST2, 
49500,31,QB 5, ,RB 1, RB 2, ,WR 2, WR 4, WR 5, WR 6, ,TE 3, ,DST 3, 
49200,30,QB 5, ,RB 1, RB 2, ,WR 2, WR 4, WR 5, WR 6, ,TE 4, ,DST 1, 
48800,31,QB 5, ,RB 1, RB 2, ,WR 2, WR 4, WR 5, WR 6, ,TE 4, ,DST2, 
48500,32,QB 5, ,RB 1, RB 2, ,WR 2, WR 4, WR 5, WR 6, ,TE 4, ,DST 3, 
50000,26,QB 5, ,RB 1, RB 3, ,WR 1, WR 2, WR 4, WR 5, ,TE 2, ,DST 3, 
49600,25,QB 5, ,RB 1, RB 3, ,WR 1, WR 2, WR 4, WR 5, ,TE 3, ,DST 1, 
49200,26,QB 5, ,RB 1, RB 3, ,WR 1, WR 2, WR 4, WR 5, ,TE 3, ,DST2, 
48900,27,QB 5, ,RB 1, RB 3, ,WR 1, WR 2, WR 4, WR 5, ,TE 3, ,DST 3, 
48600,26,QB 5, ,RB 1, RB 3, ,WR 1, WR 2, WR 4, WR 5, ,TE 4, ,DST 1, 
48200,27,QB 5, ,RB 1, RB 3, ,WR 1, WR 2, WR 4, WR 5, ,TE 4, ,DST2, 
47900,28,QB 5, ,RB 1, RB 3, ,WR 1, WR 2, WR 4, WR 5, ,TE 4, ,DST 3, 
49900,28,QB 5, ,RB 1, RB 3, ,WR 1, WR 2, WR 4, WR 6, ,TE 4, ,DST2, 
49600,29,QB 5, ,RB 1, RB 3, ,WR 1, WR 2, WR 4, WR 6, ,TE 4, ,DST 3, 
50000,28,QB 5, ,RB 1, RB 3, ,WR 1, WR 2, WR 5, WR 6, ,TE 3, ,DST2, 
49700,29,QB 5, ,RB 1, RB 3, ,WR 1, WR 2, WR 5, WR 6, ,TE 3, ,DST 3, 
49400,28,QB 5, ,RB 1, RB 3, ,WR 1, WR 2, WR 5, WR 6, ,TE 4, ,DST 1, 
49000,29,QB 5, ,RB 1, RB 3, ,WR 1, WR 2, WR 5, WR 6, ,TE 4, ,DST2, 
48700,30,QB 5, ,RB 1, RB 3, ,WR 1, WR 2, WR 5, WR 6, ,TE 4, ,DST 3, 
49900,31,QB 5, ,RB 1, RB 3, ,WR 1, WR 4, WR 5, WR 6, ,TE 4, ,DST2, 
49600,32,QB 5, ,RB 1, RB 3, ,WR 1, WR 4, WR 5, WR 6, ,TE 4, ,DST 3, 
49800,28,QB 5, ,RB 1, RB 3, ,WR 2, WR 3, WR 4, WR 5, ,TE 3, ,DST2, 
49500,29,QB 5, ,RB 1, RB 3, ,WR 2, WR 3, WR 4, WR 5, ,TE 3, ,DST 3, 
49200,28,QB 5, ,RB 1, RB 3, ,WR 2, WR 3, WR 4, WR 5, ,TE 4, ,DST 1, 
48800,29,QB 5, ,RB 1, RB 3, ,WR 2, WR 3, WR 4, WR 5, ,TE 4, ,DST2, 
48500,30,QB 5, ,RB 1, RB 3, ,WR 2, WR 3, WR 4, WR 5, ,TE 4, ,DST 3, 
50000,30,QB 5, ,RB 1, RB 3, ,WR 2, WR 3, WR 5, WR 6, ,TE 4, ,DST 1, 
49600,31,QB 5, ,RB 1, RB 3, ,WR 2, WR 3, WR 5, WR 6, ,TE 4, ,DST2, 
49300,32,QB 5, ,RB 1, RB 3, ,WR 2, WR 3, WR 5, WR 6, ,TE 4, ,DST 3, 
49200,29,QB 5, ,RB 1, RB 3, ,WR 2, WR 4, WR 5, WR 6, ,TE 2, ,DST 1, 
48800,30,QB 5, ,RB 1, RB 3, ,WR 2, WR 4, WR 5, WR 6, ,TE 2, ,DST2, 
48500,31,QB 5, ,RB 1, RB 3, ,WR 2, WR 4, WR 5, WR 6, ,TE 2, ,DST 3, 
48100,30,QB 5, ,RB 1, RB 3, ,WR 2, WR 4, WR 5, WR 6, ,TE 3, ,DST 1, 
47700,31,QB 5, ,RB 1, RB 3, ,WR 2, WR 4, WR 5, WR 6, ,TE 3, ,DST2, 
47400,32,QB 5, ,RB 1, RB 3, ,WR 2, WR 4, WR 5, WR 6, ,TE 3, ,DST 3, 
47100,31,QB 5, ,RB 1, RB 3, ,WR 2, WR 4, WR 5, WR 6, ,TE 4, ,DST 1, 
46700,32,QB 5, ,RB 1, RB 3, ,WR 2, WR 4, WR 5, WR 6, ,TE 4, ,DST2, 
46400,33,QB 5, ,RB 1, RB 3, ,WR 2, WR 4, WR 5, WR 6, ,TE 4, ,DST 3, 
49300,32,QB 5, ,RB 1, RB 3, ,WR 2, WR 4, WR 5, WR 6, ,TE 5, ,DST 1, 
48900,33,QB 5, ,RB 1, RB 3, ,WR 2, WR 4, WR 5, WR 6, ,TE 5, ,DST2, 
48600,34,QB 5, ,RB 1, RB 3, ,WR 2, WR 4, WR 5, WR 6, ,TE 5, ,DST 3, 
49900,32,QB 5, ,RB 1, RB 4, ,WR 2, WR 4, WR 5, WR 6, ,TE 3, ,DST2, 
49600,33,QB 5, ,RB 1, RB 4, ,WR 2, WR 4, WR 5, WR 6, ,TE 3, ,DST 3, 
49300,32,QB 5, ,RB 1, RB 4, ,WR 2, WR 4, WR 5, WR 6, ,TE 4, ,DST 1, 
48900,33,QB 5, ,RB 1, RB 4, ,WR 2, WR 4, WR 5, WR 6, ,TE 4, ,DST2, 
48600,34,QB 5, ,RB 1, RB 4, ,WR 2, WR 4, WR 5, WR 6, ,TE 4, ,DST 3, 
50000,34,QB 5, ,RB 1, RB 5, ,WR 2, WR 4, WR 5, WR 6, ,TE 4, ,DST2, 
49700,35,QB 5, ,RB 1, RB 5, ,WR 2, WR 4, WR 5, WR 6, ,TE 4, ,DST 3, 
49800,27,QB 5, ,RB 2, RB 3, ,WR 1, WR 2, WR 3, WR 4, ,TE 4, ,DST 3, 
49900,27,QB 5, ,RB 2, RB 3, ,WR 1, WR 2, WR 3, WR 5, ,TE 3, ,DST 3, 
49600,26,QB 5, ,RB 2, RB 3, ,WR 1, WR 2, WR 3, WR 5, ,TE 4, ,DST 1, 
49200,27,QB 5, ,RB 2, RB 3, ,WR 1, WR 2, WR 3, WR 5, ,TE 4, ,DST2, 
48900,28,QB 5, ,RB 2, RB 3, ,WR 1, WR 2, WR 3, WR 5, ,TE 4, ,DST 3, 
48800,25,QB 5, ,RB 2, RB 3, ,WR 1, WR 2, WR 4, WR 5, ,TE 2, ,DST 1, 
48400,26,QB 5, ,RB 2, RB 3, ,WR 1, WR 2, WR 4, WR 5, ,TE 2, ,DST2, 
48100,27,QB 5, ,RB 2, RB 3, ,WR 1, WR 2, WR 4, WR 5, ,TE 2, ,DST 3, 
47700,26,QB 5, ,RB 2, RB 3, ,WR 1, WR 2, WR 4, WR 5, ,TE 3, ,DST 1, 
47300,27,QB 5, ,RB 2, RB 3, ,WR 1, WR 2, WR 4, WR 5, ,TE 3, ,DST2, 
47000,28,QB 5, ,RB 2, RB 3, ,WR 1, WR 2, WR 4, WR 5, ,TE 3, ,DST 3, 
46700,27,QB 5, ,RB 2, RB 3, ,WR 1, WR 2, WR 4, WR 5, ,TE 4, ,DST 1, 
46300,28,QB 5, ,RB 2, RB 3, ,WR 1, WR 2, WR 4, WR 5, ,TE 4, ,DST2, 
46000,29,QB 5, ,RB 2, RB 3, ,WR 1, WR 2, WR 4, WR 5, ,TE 4, ,DST 3, 
48900,28,QB 5, ,RB 2, RB 3, ,WR 1, WR 2, WR 4, WR 5, ,TE 5, ,DST 1, 
48500,29,QB 5, ,RB 2, RB 3, ,WR 1, WR 2, WR 4, WR 5, ,TE 5, ,DST2, 
48200,30,QB 5, ,RB 2, RB 3, ,WR 1, WR 2, WR 4, WR 5, ,TE 5, ,DST 3, 
49800,28,QB 5, ,RB 2, RB 3, ,WR 1, WR 2, WR 4, WR 6, ,TE 2, ,DST 3, 
49400,27,QB 5, ,RB 2, RB 3, ,WR 1, WR 2, WR 4, WR 6, ,TE 3, ,DST 1, 
49000,28,QB 5, ,RB 2, RB 3, ,WR 1, WR 2, WR 4, WR 6, ,TE 3, ,DST2, 
48700,29,QB 5, ,RB 2, RB 3, ,WR 1, WR 2, WR 4, WR 6, ,TE 3, ,DST 3, 
48400,28,QB 5, ,RB 2, RB 3, ,WR 1, WR 2, WR 4, WR 6, ,TE 4, ,DST 1, 
48000,29,QB 5, ,RB 2, RB 3, ,WR 1, WR 2, WR 4, WR 6, ,TE 4, ,DST2, 
47700,30,QB 5, ,RB 2, RB 3, ,WR 1, WR 2, WR 4, WR 6, ,TE 4, ,DST 3, 
49900,31,QB 5, ,RB 2, RB 3, ,WR 1, WR 2, WR 4, WR 6, ,TE 5, ,DST 3, 
49600,27,QB 5, ,RB 2, RB 3, ,WR 1, WR 2, WR 5, WR 6, ,TE 2, ,DST 1, 
49200,28,QB 5, ,RB 2, RB 3, ,WR 1, WR 2, WR 5, WR 6, ,TE 2, ,DST2, 
48900,29,QB 5, ,RB 2, RB 3, ,WR 1, WR 2, WR 5, WR 6, ,TE 2, ,DST 3, 
48500,28,QB 5, ,RB 2, RB 3, ,WR 1, WR 2, WR 5, WR 6, ,TE 3, ,DST 1, 
48100,29,QB 5, ,RB 2, RB 3, ,WR 1, WR 2, WR 5, WR 6, ,TE 3, ,DST2, 
47800,30,QB 5, ,RB 2, RB 3, ,WR 1, WR 2, WR 5, WR 6, ,TE 3, ,DST 3, 
47500,29,QB 5, ,RB 2, RB 3, ,WR 1, WR 2, WR 5, WR 6, ,TE 4, ,DST 1, 
47100,30,QB 5, ,RB 2, RB 3, ,WR 1, WR 2, WR 5, WR 6, ,TE 4, ,DST2, 
46800,31,QB 5, ,RB 2, RB 3, ,WR 1, WR 2, WR 5, WR 6, ,TE 4, ,DST 3, 
49700,30,QB 5, ,RB 2, RB 3, ,WR 1, WR 2, WR 5, WR 6, ,TE 5, ,DST 1, 
49300,31,QB 5, ,RB 2, RB 3, ,WR 1, WR 2, WR 5, WR 6, ,TE 5, ,DST2, 
49000,32,QB 5, ,RB 2, RB 3, ,WR 1, WR 2, WR 5, WR 6, ,TE 5, ,DST 3, 
49800,30,QB 5, ,RB 2, RB 3, ,WR 1, WR 3, WR 4, WR 5, ,TE 4, ,DST 3, 
49800,31,QB 5, ,RB 2, RB 3, ,WR 1, WR 4, WR 5, WR 6, ,TE 2, ,DST 3, 
49400,30,QB 5, ,RB 2, RB 3, ,WR 1, WR 4, WR 5, WR 6, ,TE 3, ,DST 1, 
49000,31,QB 5, ,RB 2, RB 3, ,WR 1, WR 4, WR 5, WR 6, ,TE 3, ,DST2, 
48700,32,QB 5, ,RB 2, RB 3, ,WR 1, WR 4, WR 5, WR 6, ,TE 3, ,DST 3, 
48400,31,QB 5, ,RB 2, RB 3, ,WR 1, WR 4, WR 5, WR 6, ,TE 4, ,DST 1, 
48000,32,QB 5, ,RB 2, RB 3, ,WR 1, WR 4, WR 5, WR 6, ,TE 4, ,DST2, 
47700,33,QB 5, ,RB 2, RB 3, ,WR 1, WR 4, WR 5, WR 6, ,TE 4, ,DST 3, 
49900,34,QB 5, ,RB 2, RB 3, ,WR 1, WR 4, WR 5, WR 6, ,TE 5, ,DST 3, 
49400,27,QB 5, ,RB 2, RB 3, ,WR 2, WR 3, WR 4, WR 5, ,TE 2, ,DST 1, 
49000,28,QB 5, ,RB 2, RB 3, ,WR 2, WR 3, WR 4, WR 5, ,TE 2, ,DST2, 
48700,29,QB 5, ,RB 2, RB 3, ,WR 2, WR 3, WR 4, WR 5, ,TE 2, ,DST 3, 
48300,28,QB 5, ,RB 2, RB 3, ,WR 2, WR 3, WR 4, WR 5, ,TE 3, ,DST 1, 
47900,29,QB 5, ,RB 2, RB 3, ,WR 2, WR 3, WR 4, WR 5, ,TE 3, ,DST2, 
47600,30,QB 5, ,RB 2, RB 3, ,WR 2, WR 3, WR 4, WR 5, ,TE 3, ,DST 3, 
47300,29,QB 5, ,RB 2, RB 3, ,WR 2, WR 3, WR 4, WR 5, ,TE 4, ,DST 1, 
46900,30,QB 5, ,RB 2, RB 3, ,WR 2, WR 3, WR 4, WR 5, ,TE 4, ,DST2, 
46600,31,QB 5, ,RB 2, RB 3, ,WR 2, WR 3, WR 4, WR 5, ,TE 4, ,DST 3, 
49500,30,QB 5, ,RB 2, RB 3, ,WR 2, WR 3, WR 4, WR 5, ,TE 5, ,DST 1, 
49100,31,QB 5, ,RB 2, RB 3, ,WR 2, WR 3, WR 4, WR 5, ,TE 5, ,DST2, 
48800,32,QB 5, ,RB 2, RB 3, ,WR 2, WR 3, WR 4, WR 5, ,TE 5, ,DST 3, 
50000,29,QB 5, ,RB 2, RB 3, ,WR 2, WR 3, WR 4, WR 6, ,TE 3, ,DST 1, 
49600,30,QB 5, ,RB 2, RB 3, ,WR 2, WR 3, WR 4, WR 6, ,TE 3, ,DST2, 
49300,31,QB 5, ,RB 2, RB 3, ,WR 2, WR 3, WR 4, WR 6, ,TE 3, ,DST 3, 
49000,30,QB 5, ,RB 2, RB 3, ,WR 2, WR 3, WR 4, WR 6, ,TE 4, ,DST 1, 
48600,31,QB 5, ,RB 2, RB 3, ,WR 2, WR 3, WR 4, WR 6, ,TE 4, ,DST2, 
48300,32,QB 5, ,RB 2, RB 3, ,WR 2, WR 3, WR 4, WR 6, ,TE 4, ,DST 3, 
49800,30,QB 5, ,RB 2, RB 3, ,WR 2, WR 3, WR 5, WR 6, ,TE 2, ,DST2, 
49500,31,QB 5, ,RB 2, RB 3, ,WR 2, WR 3, WR 5, WR 6, ,TE 2, ,DST 3, 
49100,30,QB 5, ,RB 2, RB 3, ,WR 2, WR 3, WR 5, WR 6, ,TE 3, ,DST 1, 
48700,31,QB 5, ,RB 2, RB 3, ,WR 2, WR 3, WR 5, WR 6, ,TE 3, ,DST2, 
48400,32,QB 5, ,RB 2, RB 3, ,WR 2, WR 3, WR 5, WR 6, ,TE 3, ,DST 3, 
48100,31,QB 5, ,RB 2, RB 3, ,WR 2, WR 3, WR 5, WR 6, ,TE 4, ,DST 1, 
47700,32,QB 5, ,RB 2, RB 3, ,WR 2, WR 3, WR 5, WR 6, ,TE 4, ,DST2, 
47400,33,QB 5, ,RB 2, RB 3, ,WR 2, WR 3, WR 5, WR 6, ,TE 4, ,DST 3, 
49900,33,QB 5, ,RB 2, RB 3, ,WR 2, WR 3, WR 5, WR 6, ,TE 5, ,DST2, 
49600,34,QB 5, ,RB 2, RB 3, ,WR 2, WR 3, WR 5, WR 6, ,TE 5, ,DST 3, 
49900,31,QB 5, ,RB 2, RB 3, ,WR 2, WR 4, WR 5, WR 6, ,TE 1, ,DST 3, 
47300,30,QB 5, ,RB 2, RB 3, ,WR 2, WR 4, WR 5, WR 6, ,TE 2, ,DST 1, 
46900,31,QB 5, ,RB 2, RB 3, ,WR 2, WR 4, WR 5, WR 6, ,TE 2, ,DST2, 
46600,32,QB 5, ,RB 2, RB 3, ,WR 2, WR 4, WR 5, WR 6, ,TE 2, ,DST 3, 
46200,31,QB 5, ,RB 2, RB 3, ,WR 2, WR 4, WR 5, WR 6, ,TE 3, ,DST 1, 
45800,32,QB 5, ,RB 2, RB 3, ,WR 2, WR 4, WR 5, WR 6, ,TE 3, ,DST2, 
45500,33,QB 5, ,RB 2, RB 3, ,WR 2, WR 4, WR 5, WR 6, ,TE 3, ,DST 3, 
45200,32,QB 5, ,RB 2, RB 3, ,WR 2, WR 4, WR 5, WR 6, ,TE 4, ,DST 1, 
44800,33,QB 5, ,RB 2, RB 3, ,WR 2, WR 4, WR 5, WR 6, ,TE 4, ,DST2, 
44500,34,QB 5, ,RB 2, RB 3, ,WR 2, WR 4, WR 5, WR 6, ,TE 4, ,DST 3, 
47400,33,QB 5, ,RB 2, RB 3, ,WR 2, WR 4, WR 5, WR 6, ,TE 5, ,DST 1, 
47000,34,QB 5, ,RB 2, RB 3, ,WR 2, WR 4, WR 5, WR 6, ,TE 5, ,DST2, 
46700,35,QB 5, ,RB 2, RB 3, ,WR 2, WR 4, WR 5, WR 6, ,TE 5, ,DST 3, 
50000,32,QB 5, ,RB 2, RB 3, ,WR 3, WR 4, WR 5, WR 6, ,TE 3, ,DST 1, 
49600,33,QB 5, ,RB 2, RB 3, ,WR 3, WR 4, WR 5, WR 6, ,TE 3, ,DST2, 
49300,34,QB 5, ,RB 2, RB 3, ,WR 3, WR 4, WR 5, WR 6, ,TE 3, ,DST 3, 
49000,33,QB 5, ,RB 2, RB 3, ,WR 3, WR 4, WR 5, WR 6, ,TE 4, ,DST 1, 
48600,34,QB 5, ,RB 2, RB 3, ,WR 3, WR 4, WR 5, WR 6, ,TE 4, ,DST2, 
48300,35,QB 5, ,RB 2, RB 3, ,WR 3, WR 4, WR 5, WR 6, ,TE 4, ,DST 3, 
49900,27,QB 5, ,RB 2, RB 4, ,WR 1, WR 2, WR 4, WR 5, ,TE 3, ,DST 1, 
49500,28,QB 5, ,RB 2, RB 4, ,WR 1, WR 2, WR 4, WR 5, ,TE 3, ,DST2, 
49200,29,QB 5, ,RB 2, RB 4, ,WR 1, WR 2, WR 4, WR 5, ,TE 3, ,DST 3, 
48900,28,QB 5, ,RB 2, RB 4, ,WR 1, WR 2, WR 4, WR 5, ,TE 4, ,DST 1, 
48500,29,QB 5, ,RB 2, RB 4, ,WR 1, WR 2, WR 4, WR 5, ,TE 4, ,DST2, 
48200,30,QB 5, ,RB 2, RB 4, ,WR 1, WR 2, WR 4, WR 5, ,TE 4, ,DST 3, 
49900,31,QB 5, ,RB 2, RB 4, ,WR 1, WR 2, WR 4, WR 6, ,TE 4, ,DST 3, 
50000,31,QB 5, ,RB 2, RB 4, ,WR 1, WR 2, WR 5, WR 6, ,TE 3, ,DST 3, 
49700,30,QB 5, ,RB 2, RB 4, ,WR 1, WR 2, WR 5, WR 6, ,TE 4, ,DST 1, 
49300,31,QB 5, ,RB 2, RB 4, ,WR 1, WR 2, WR 5, WR 6, ,TE 4, ,DST2, 
49000,32,QB 5, ,RB 2, RB 4, ,WR 1, WR 2, WR 5, WR 6, ,TE 4, ,DST 3, 
49900,34,QB 5, ,RB 2, RB 4, ,WR 1, WR 4, WR 5, WR 6, ,TE 4, ,DST 3, 
49800,31,QB 5, ,RB 2, RB 4, ,WR 2, WR 3, WR 4, WR 5, ,TE 3, ,DST 3, 
49500,30,QB 5, ,RB 2, RB 4, ,WR 2, WR 3, WR 4, WR 5, ,TE 4, ,DST 1, 
49100,31,QB 5, ,RB 2, RB 4, ,WR 2, WR 3, WR 4, WR 5, ,TE 4, ,DST2, 
48800,32,QB 5, ,RB 2, RB 4, ,WR 2, WR 3, WR 4, WR 5, ,TE 4, ,DST 3, 
49900,33,QB 5, ,RB 2, RB 4, ,WR 2, WR 3, WR 5, WR 6, ,TE 4, ,DST2, 
49600,34,QB 5, ,RB 2, RB 4, ,WR 2, WR 3, WR 5, WR 6, ,TE 4, ,DST 3, 
49500,31,QB 5, ,RB 2, RB 4, ,WR 2, WR 4, WR 5, WR 6, ,TE 2, ,DST 1, 
49100,32,QB 5, ,RB 2, RB 4, ,WR 2, WR 4, WR 5, WR 6, ,TE 2, ,DST2, 
48800,33,QB 5, ,RB 2, RB 4, ,WR 2, WR 4, WR 5, WR 6, ,TE 2, ,DST 3, 
48400,32,QB 5, ,RB 2, RB 4, ,WR 2, WR 4, WR 5, WR 6, ,TE 3, ,DST 1, 
48000,33,QB 5, ,RB 2, RB 4, ,WR 2, WR 4, WR 5, WR 6, ,TE 3, ,DST2, 
47700,34,QB 5, ,RB 2, RB 4, ,WR 2, WR 4, WR 5, WR 6, ,TE 3, ,DST 3, 
47400,33,QB 5, ,RB 2, RB 4, ,WR 2, WR 4, WR 5, WR 6, ,TE 4, ,DST 1, 
47000,34,QB 5, ,RB 2, RB 4, ,WR 2, WR 4, WR 5, WR 6, ,TE 4, ,DST2, 
46700,35,QB 5, ,RB 2, RB 4, ,WR 2, WR 4, WR 5, WR 6, ,TE 4, ,DST 3, 
49600,34,QB 5, ,RB 2, RB 4, ,WR 2, WR 4, WR 5, WR 6, ,TE 5, ,DST 1, 
49200,35,QB 5, ,RB 2, RB 4, ,WR 2, WR 4, WR 5, WR 6, ,TE 5, ,DST2, 
48900,36,QB 5, ,RB 2, RB 4, ,WR 2, WR 4, WR 5, WR 6, ,TE 5, ,DST 3, 
50000,29,QB 5, ,RB 2, RB 5, ,WR 1, WR 2, WR 4, WR 5, ,TE 4, ,DST 1, 
49600,30,QB 5, ,RB 2, RB 5, ,WR 1, WR 2, WR 4, WR 5, ,TE 4, ,DST2, 
49300,31,QB 5, ,RB 2, RB 5, ,WR 1, WR 2, WR 4, WR 5, ,TE 4, ,DST 3, 
49900,33,QB 5, ,RB 2, RB 5, ,WR 2, WR 3, WR 4, WR 5, ,TE 4, ,DST 3, 
49900,34,QB 5, ,RB 2, RB 5, ,WR 2, WR 4, WR 5, WR 6, ,TE 2, ,DST 3, 
49500,33,QB 5, ,RB 2, RB 5, ,WR 2, WR 4, WR 5, WR 6, ,TE 3, ,DST 1, 
49100,34,QB 5, ,RB 2, RB 5, ,WR 2, WR 4, WR 5, WR 6, ,TE 3, ,DST2, 
48800,35,QB 5, ,RB 2, RB 5, ,WR 2, WR 4, WR 5, WR 6, ,TE 3, ,DST 3, 
48500,34,QB 5, ,RB 2, RB 5, ,WR 2, WR 4, WR 5, WR 6, ,TE 4, ,DST 1, 
48100,35,QB 5, ,RB 2, RB 5, ,WR 2, WR 4, WR 5, WR 6, ,TE 4, ,DST2, 
47800,36,QB 5, ,RB 2, RB 5, ,WR 2, WR 4, WR 5, WR 6, ,TE 4, ,DST 3, 
50000,37,QB 5, ,RB 2, RB 5, ,WR 2, WR 4, WR 5, WR 6, ,TE 5, ,DST 3, 
49900,29,QB 5, ,RB 3, RB 4, ,WR 1, WR 2, WR 3, WR 4, ,TE 4, ,DST 3, 
50000,29,QB 5, ,RB 3, RB 4, ,WR 1, WR 2, WR 3, WR 5, ,TE 3, ,DST 3, 
49700,28,QB 5, ,RB 3, RB 4, ,WR 1, WR 2, WR 3, WR 5, ,TE 4, ,DST 1, 
49300,29,QB 5, ,RB 3, RB 4, ,WR 1, WR 2, WR 3, WR 5, ,TE 4, ,DST2, 
49000,30,QB 5, ,RB 3, RB 4, ,WR 1, WR 2, WR 3, WR 5, ,TE 4, ,DST 3, 
48900,27,QB 5, ,RB 3, RB 4, ,WR 1, WR 2, WR 4, WR 5, ,TE 2, ,DST 1, 
48500,28,QB 5, ,RB 3, RB 4, ,WR 1, WR 2, WR 4, WR 5, ,TE 2, ,DST2, 
48200,29,QB 5, ,RB 3, RB 4, ,WR 1, WR 2, WR 4, WR 5, ,TE 2, ,DST 3, 
47800,28,QB 5, ,RB 3, RB 4, ,WR 1, WR 2, WR 4, WR 5, ,TE 3, ,DST 1, 
47400,29,QB 5, ,RB 3, RB 4, ,WR 1, WR 2, WR 4, WR 5, ,TE 3, ,DST2, 
47100,30,QB 5, ,RB 3, RB 4, ,WR 1, WR 2, WR 4, WR 5, ,TE 3, ,DST 3, 
46800,29,QB 5, ,RB 3, RB 4, ,WR 1, WR 2, WR 4, WR 5, ,TE 4, ,DST 1, 
46400,30,QB 5, ,RB 3, RB 4, ,WR 1, WR 2, WR 4, WR 5, ,TE 4, ,DST2, 
46100,31,QB 5, ,RB 3, RB 4, ,WR 1, WR 2, WR 4, WR 5, ,TE 4, ,DST 3, 
49000,30,QB 5, ,RB 3, RB 4, ,WR 1, WR 2, WR 4, WR 5, ,TE 5, ,DST 1, 
48600,31,QB 5, ,RB 3, RB 4, ,WR 1, WR 2, WR 4, WR 5, ,TE 5, ,DST2, 
48300,32,QB 5, ,RB 3, RB 4, ,WR 1, WR 2, WR 4, WR 5, ,TE 5, ,DST 3, 
49900,30,QB 5, ,RB 3, RB 4, ,WR 1, WR 2, WR 4, WR 6, ,TE 2, ,DST 3, 
49500,29,QB 5, ,RB 3, RB 4, ,WR 1, WR 2, WR 4, WR 6, ,TE 3, ,DST 1, 
49100,30,QB 5, ,RB 3, RB 4, ,WR 1, WR 2, WR 4, WR 6, ,TE 3, ,DST2, 
48800,31,QB 5, ,RB 3, RB 4, ,WR 1, WR 2, WR 4, WR 6, ,TE 3, ,DST 3, 
48500,30,QB 5, ,RB 3, RB 4, ,WR 1, WR 2, WR 4, WR 6, ,TE 4, ,DST 1, 
48100,31,QB 5, ,RB 3, RB 4, ,WR 1, WR 2, WR 4, WR 6, ,TE 4, ,DST2, 
47800,32,QB 5, ,RB 3, RB 4, ,WR 1, WR 2, WR 4, WR 6, ,TE 4, ,DST 3, 
50000,33,QB 5, ,RB 3, RB 4, ,WR 1, WR 2, WR 4, WR 6, ,TE 5, ,DST 3, 
49700,29,QB 5, ,RB 3, RB 4, ,WR 1, WR 2, WR 5, WR 6, ,TE 2, ,DST 1, 
49300,30,QB 5, ,RB 3, RB 4, ,WR 1, WR 2, WR 5, WR 6, ,TE 2, ,DST2, 
49000,31,QB 5, ,RB 3, RB 4, ,WR 1, WR 2, WR 5, WR 6, ,TE 2, ,DST 3, 
48600,30,QB 5, ,RB 3, RB 4, ,WR 1, WR 2, WR 5, WR 6, ,TE 3, ,DST 1, 
48200,31,QB 5, ,RB 3, RB 4, ,WR 1, WR 2, WR 5, WR 6, ,TE 3, ,DST2, 
47900,32,QB 5, ,RB 3, RB 4, ,WR 1, WR 2, WR 5, WR 6, ,TE 3, ,DST 3, 
47600,31,QB 5, ,RB 3, RB 4, ,WR 1, WR 2, WR 5, WR 6, ,TE 4, ,DST 1, 
47200,32,QB 5, ,RB 3, RB 4, ,WR 1, WR 2, WR 5, WR 6, ,TE 4, ,DST2, 
46900,33,QB 5, ,RB 3, RB 4, ,WR 1, WR 2, WR 5, WR 6, ,TE 4, ,DST 3, 
49800,32,QB 5, ,RB 3, RB 4, ,WR 1, WR 2, WR 5, WR 6, ,TE 5, ,DST 1, 
49400,33,QB 5, ,RB 3, RB 4, ,WR 1, WR 2, WR 5, WR 6, ,TE 5, ,DST2, 
49100,34,QB 5, ,RB 3, RB 4, ,WR 1, WR 2, WR 5, WR 6, ,TE 5, ,DST 3, 
49900,32,QB 5, ,RB 3, RB 4, ,WR 1, WR 3, WR 4, WR 5, ,TE 4, ,DST 3, 
49900,33,QB 5, ,RB 3, RB 4, ,WR 1, WR 4, WR 5, WR 6, ,TE 2, ,DST 3, 
49500,32,QB 5, ,RB 3, RB 4, ,WR 1, WR 4, WR 5, WR 6, ,TE 3, ,DST 1, 
49100,33,QB 5, ,RB 3, RB 4, ,WR 1, WR 4, WR 5, WR 6, ,TE 3, ,DST2, 
48800,34,QB 5, ,RB 3, RB 4, ,WR 1, WR 4, WR 5, WR 6, ,TE 3, ,DST 3, 
48500,33,QB 5, ,RB 3, RB 4, ,WR 1, WR 4, WR 5, WR 6, ,TE 4, ,DST 1, 
48100,34,QB 5, ,RB 3, RB 4, ,WR 1, WR 4, WR 5, WR 6, ,TE 4, ,DST2, 
47800,35,QB 5, ,RB 3, RB 4, ,WR 1, WR 4, WR 5, WR 6, ,TE 4, ,DST 3, 
50000,36,QB 5, ,RB 3, RB 4, ,WR 1, WR 4, WR 5, WR 6, ,TE 5, ,DST 3, 
49500,29,QB 5, ,RB 3, RB 4, ,WR 2, WR 3, WR 4, WR 5, ,TE 2, ,DST 1, 
49100,30,QB 5, ,RB 3, RB 4, ,WR 2, WR 3, WR 4, WR 5, ,TE 2, ,DST2, 
48800,31,QB 5, ,RB 3, RB 4, ,WR 2, WR 3, WR 4, WR 5, ,TE 2, ,DST 3, 
48400,30,QB 5, ,RB 3, RB 4, ,WR 2, WR 3, WR 4, WR 5, ,TE 3, ,DST 1, 
48000,31,QB 5, ,RB 3, RB 4, ,WR 2, WR 3, WR 4, WR 5, ,TE 3, ,DST2, 
47700,32,QB 5, ,RB 3, RB 4, ,WR 2, WR 3, WR 4, WR 5, ,TE 3, ,DST 3, 
47400,31,QB 5, ,RB 3, RB 4, ,WR 2, WR 3, WR 4, WR 5, ,TE 4, ,DST 1, 
47000,32,QB 5, ,RB 3, RB 4, ,WR 2, WR 3, WR 4, WR 5, ,TE 4, ,DST2, 
46700,33,QB 5, ,RB 3, RB 4, ,WR 2, WR 3, WR 4, WR 5, ,TE 4, ,DST 3, 
49600,32,QB 5, ,RB 3, RB 4, ,WR 2, WR 3, WR 4, WR 5, ,TE 5, ,DST 1, 
49200,33,QB 5, ,RB 3, RB 4, ,WR 2, WR 3, WR 4, WR 5, ,TE 5, ,DST2, 
48900,34,QB 5, ,RB 3, RB 4, ,WR 2, WR 3, WR 4, WR 5, ,TE 5, ,DST 3, 
49700,32,QB 5, ,RB 3, RB 4, ,WR 2, WR 3, WR 4, WR 6, ,TE 3, ,DST2, 
49400,33,QB 5, ,RB 3, RB 4, ,WR 2, WR 3, WR 4, WR 6, ,TE 3, ,DST 3, 
49100,32,QB 5, ,RB 3, RB 4, ,WR 2, WR 3, WR 4, WR 6, ,TE 4, ,DST 1, 
48700,33,QB 5, ,RB 3, RB 4, ,WR 2, WR 3, WR 4, WR 6, ,TE 4, ,DST2, 
48400,34,QB 5, ,RB 3, RB 4, ,WR 2, WR 3, WR 4, WR 6, ,TE 4, ,DST 3, 
49900,32,QB 5, ,RB 3, RB 4, ,WR 2, WR 3, WR 5, WR 6, ,TE 2, ,DST2, 
49600,33,QB 5, ,RB 3, RB 4, ,WR 2, WR 3, WR 5, WR 6, ,TE 2, ,DST 3, 
49200,32,QB 5, ,RB 3, RB 4, ,WR 2, WR 3, WR 5, WR 6, ,TE 3, ,DST 1, 
48800,33,QB 5, ,RB 3, RB 4, ,WR 2, WR 3, WR 5, WR 6, ,TE 3, ,DST2, 
48500,34,QB 5, ,RB 3, RB 4, ,WR 2, WR 3, WR 5, WR 6, ,TE 3, ,DST 3, 
48200,33,QB 5, ,RB 3, RB 4, ,WR 2, WR 3, WR 5, WR 6, ,TE 4, ,DST 1, 
47800,34,QB 5, ,RB 3, RB 4, ,WR 2, WR 3, WR 5, WR 6, ,TE 4, ,DST2, 
47500,35,QB 5, ,RB 3, RB 4, ,WR 2, WR 3, WR 5, WR 6, ,TE 4, ,DST 3, 
50000,35,QB 5, ,RB 3, RB 4, ,WR 2, WR 3, WR 5, WR 6, ,TE 5, ,DST2, 
49700,36,QB 5, ,RB 3, RB 4, ,WR 2, WR 3, WR 5, WR 6, ,TE 5, ,DST 3, 
50000,33,QB 5, ,RB 3, RB 4, ,WR 2, WR 4, WR 5, WR 6, ,TE 1, ,DST 3, 
47400,32,QB 5, ,RB 3, RB 4, ,WR 2, WR 4, WR 5, WR 6, ,TE 2, ,DST 1, 
47000,33,QB 5, ,RB 3, RB 4, ,WR 2, WR 4, WR 5, WR 6, ,TE 2, ,DST2, 
46700,34,QB 5, ,RB 3, RB 4, ,WR 2, WR 4, WR 5, WR 6, ,TE 2, ,DST 3, 
46300,33,QB 5, ,RB 3, RB 4, ,WR 2, WR 4, WR 5, WR 6, ,TE 3, ,DST 1, 
45900,34,QB 5, ,RB 3, RB 4, ,WR 2, WR 4, WR 5, WR 6, ,TE 3, ,DST2, 
45600,35,QB 5, ,RB 3, RB 4, ,WR 2, WR 4, WR 5, WR 6, ,TE 3, ,DST 3, 
45300,34,QB 5, ,RB 3, RB 4, ,WR 2, WR 4, WR 5, WR 6, ,TE 4, ,DST 1, 
44900,35,QB 5, ,RB 3, RB 4, ,WR 2, WR 4, WR 5, WR 6, ,TE 4, ,DST2, 
44600,36,QB 5, ,RB 3, RB 4, ,WR 2, WR 4, WR 5, WR 6, ,TE 4, ,DST 3, 
47500,35,QB 5, ,RB 3, RB 4, ,WR 2, WR 4, WR 5, WR 6, ,TE 5, ,DST 1, 
47100,36,QB 5, ,RB 3, RB 4, ,WR 2, WR 4, WR 5, WR 6, ,TE 5, ,DST2, 
46800,37,QB 5, ,RB 3, RB 4, ,WR 2, WR 4, WR 5, WR 6, ,TE 5, ,DST 3, 
49700,35,QB 5, ,RB 3, RB 4, ,WR 3, WR 4, WR 5, WR 6, ,TE 3, ,DST2, 
49400,36,QB 5, ,RB 3, RB 4, ,WR 3, WR 4, WR 5, WR 6, ,TE 3, ,DST 3, 
49100,35,QB 5, ,RB 3, RB 4, ,WR 3, WR 4, WR 5, WR 6, ,TE 4, ,DST 1, 
48700,36,QB 5, ,RB 3, RB 4, ,WR 3, WR 4, WR 5, WR 6, ,TE 4, ,DST2, 
48400,37,QB 5, ,RB 3, RB 4, ,WR 3, WR 4, WR 5, WR 6, ,TE 4, ,DST 3, 
50000,28,QB 5, ,RB 3, RB 5, ,WR 1, WR 2, WR 4, WR 5, ,TE 2, ,DST 1, 
49600,29,QB 5, ,RB 3, RB 5, ,WR 1, WR 2, WR 4, WR 5, ,TE 2, ,DST2, 
49300,30,QB 5, ,RB 3, RB 5, ,WR 1, WR 2, WR 4, WR 5, ,TE 2, ,DST 3, 
48900,29,QB 5, ,RB 3, RB 5, ,WR 1, WR 2, WR 4, WR 5, ,TE 3, ,DST 1, 
48500,30,QB 5, ,RB 3, RB 5, ,WR 1, WR 2, WR 4, WR 5, ,TE 3, ,DST2, 
48200,31,QB 5, ,RB 3, RB 5, ,WR 1, WR 2, WR 4, WR 5, ,TE 3, ,DST 3, 
47900,30,QB 5, ,RB 3, RB 5, ,WR 1, WR 2, WR 4, WR 5, ,TE 4, ,DST 1, 
47500,31,QB 5, ,RB 3, RB 5, ,WR 1, WR 2, WR 4, WR 5, ,TE 4, ,DST2, 
47200,32,QB 5, ,RB 3, RB 5, ,WR 1, WR 2, WR 4, WR 5, ,TE 4, ,DST 3, 
49700,32,QB 5, ,RB 3, RB 5, ,WR 1, WR 2, WR 4, WR 5, ,TE 5, ,DST2, 
49400,33,QB 5, ,RB 3, RB 5, ,WR 1, WR 2, WR 4, WR 5, ,TE 5, ,DST 3, 
49900,32,QB 5, ,RB 3, RB 5, ,WR 1, WR 2, WR 4, WR 6, ,TE 3, ,DST 3, 
49600,31,QB 5, ,RB 3, RB 5, ,WR 1, WR 2, WR 4, WR 6, ,TE 4, ,DST 1, 
49200,32,QB 5, ,RB 3, RB 5, ,WR 1, WR 2, WR 4, WR 6, ,TE 4, ,DST2, 
48900,33,QB 5, ,RB 3, RB 5, ,WR 1, WR 2, WR 4, WR 6, ,TE 4, ,DST 3, 
49700,31,QB 5, ,RB 3, RB 5, ,WR 1, WR 2, WR 5, WR 6, ,TE 3, ,DST 1, 
49300,32,QB 5, ,RB 3, RB 5, ,WR 1, WR 2, WR 5, WR 6, ,TE 3, ,DST2, 
49000,33,QB 5, ,RB 3, RB 5, ,WR 1, WR 2, WR 5, WR 6, ,TE 3, ,DST 3, 
48700,32,QB 5, ,RB 3, RB 5, ,WR 1, WR 2, WR 5, WR 6, ,TE 4, ,DST 1, 
48300,33,QB 5, ,RB 3, RB 5, ,WR 1, WR 2, WR 5, WR 6, ,TE 4, ,DST2, 
48000,34,QB 5, ,RB 3, RB 5, ,WR 1, WR 2, WR 5, WR 6, ,TE 4, ,DST 3, 
49900,35,QB 5, ,RB 3, RB 5, ,WR 1, WR 4, WR 5, WR 6, ,TE 3, ,DST 3, 
49600,34,QB 5, ,RB 3, RB 5, ,WR 1, WR 4, WR 5, WR 6, ,TE 4, ,DST 1, 
49200,35,QB 5, ,RB 3, RB 5, ,WR 1, WR 4, WR 5, WR 6, ,TE 4, ,DST2, 
48900,36,QB 5, ,RB 3, RB 5, ,WR 1, WR 4, WR 5, WR 6, ,TE 4, ,DST 3, 
49900,32,QB 5, ,RB 3, RB 5, ,WR 2, WR 3, WR 4, WR 5, ,TE 2, ,DST 3, 
49500,31,QB 5, ,RB 3, RB 5, ,WR 2, WR 3, WR 4, WR 5, ,TE 3, ,DST 1, 
49100,32,QB 5, ,RB 3, RB 5, ,WR 2, WR 3, WR 4, WR 5, ,TE 3, ,DST2, 
48800,33,QB 5, ,RB 3, RB 5, ,WR 2, WR 3, WR 4, WR 5, ,TE 3, ,DST 3, 
48500,32,QB 5, ,RB 3, RB 5, ,WR 2, WR 3, WR 4, WR 5, ,TE 4, ,DST 1, 
48100,33,QB 5, ,RB 3, RB 5, ,WR 2, WR 3, WR 4, WR 5, ,TE 4, ,DST2, 
47800,34,QB 5, ,RB 3, RB 5, ,WR 2, WR 3, WR 4, WR 5, ,TE 4, ,DST 3, 
50000,35,QB 5, ,RB 3, RB 5, ,WR 2, WR 3, WR 4, WR 5, ,TE 5, ,DST 3, 
49800,34,QB 5, ,RB 3, RB 5, ,WR 2, WR 3, WR 4, WR 6, ,TE 4, ,DST2, 
49500,35,QB 5, ,RB 3, RB 5, ,WR 2, WR 3, WR 4, WR 6, ,TE 4, ,DST 3, 
49900,34,QB 5, ,RB 3, RB 5, ,WR 2, WR 3, WR 5, WR 6, ,TE 3, ,DST2, 
49600,35,QB 5, ,RB 3, RB 5, ,WR 2, WR 3, WR 5, WR 6, ,TE 3, ,DST 3, 
49300,34,QB 5, ,RB 3, RB 5, ,WR 2, WR 3, WR 5, WR 6, ,TE 4, ,DST 1, 
48900,35,QB 5, ,RB 3, RB 5, ,WR 2, WR 3, WR 5, WR 6, ,TE 4, ,DST2, 
48600,36,QB 5, ,RB 3, RB 5, ,WR 2, WR 3, WR 5, WR 6, ,TE 4, ,DST 3, 
48500,33,QB 5, ,RB 3, RB 5, ,WR 2, WR 4, WR 5, WR 6, ,TE 2, ,DST 1, 
48100,34,QB 5, ,RB 3, RB 5, ,WR 2, WR 4, WR 5, WR 6, ,TE 2, ,DST2, 
47800,35,QB 5, ,RB 3, RB 5, ,WR 2, WR 4, WR 5, WR 6, ,TE 2, ,DST 3, 
47400,34,QB 5, ,RB 3, RB 5, ,WR 2, WR 4, WR 5, WR 6, ,TE 3, ,DST 1, 
47000,35,QB 5, ,RB 3, RB 5, ,WR 2, WR 4, WR 5, WR 6, ,TE 3, ,DST2, 
46700,36,QB 5, ,RB 3, RB 5, ,WR 2, WR 4, WR 5, WR 6, ,TE 3, ,DST 3, 
46400,35,QB 5, ,RB 3, RB 5, ,WR 2, WR 4, WR 5, WR 6, ,TE 4, ,DST 1, 
46000,36,QB 5, ,RB 3, RB 5, ,WR 2, WR 4, WR 5, WR 6, ,TE 4, ,DST2, 
45700,37,QB 5, ,RB 3, RB 5, ,WR 2, WR 4, WR 5, WR 6, ,TE 4, ,DST 3, 
48600,36,QB 5, ,RB 3, RB 5, ,WR 2, WR 4, WR 5, WR 6, ,TE 5, ,DST 1, 
48200,37,QB 5, ,RB 3, RB 5, ,WR 2, WR 4, WR 5, WR 6, ,TE 5, ,DST2, 
47900,38,QB 5, ,RB 3, RB 5, ,WR 2, WR 4, WR 5, WR 6, ,TE 5, ,DST 3, 
49800,37,QB 5, ,RB 3, RB 5, ,WR 3, WR 4, WR 5, WR 6, ,TE 4, ,DST2, 
49500,38,QB 5, ,RB 3, RB 5, ,WR 3, WR 4, WR 5, WR 6, ,TE 4, ,DST 3, 
49700,32,QB 5, ,RB 4, RB 5, ,WR 1, WR 2, WR 4, WR 5, ,TE 4, ,DST2, 
49400,33,QB 5, ,RB 4, RB 5, ,WR 1, WR 2, WR 4, WR 5, ,TE 4, ,DST 3, 
50000,35,QB 5, ,RB 4, RB 5, ,WR 2, WR 3, WR 4, WR 5, ,TE 4, ,DST 3, 
50000,36,QB 5, ,RB 4, RB 5, ,WR 2, WR 4, WR 5, WR 6, ,TE 2, ,DST 3, 
49600,35,QB 5, ,RB 4, RB 5, ,WR 2, WR 4, WR 5, WR 6, ,TE 3, ,DST 1, 
49200,36,QB 5, ,RB 4, RB 5, ,WR 2, WR 4, WR 5, WR 6, ,TE 3, ,DST2, 
48900,37,QB 5, ,RB 4, RB 5, ,WR 2, WR 4, WR 5, WR 6, ,TE 3, ,DST 3, 
48600,36,QB 5, ,RB 4, RB 5, ,WR 2, WR 4, WR 5, WR 6, ,TE 4, ,DST 1, 
48200,37,QB 5, ,RB 4, RB 5, ,WR 2, WR 4, WR 5, WR 6, ,TE 4, ,DST2, 
47900,38,QB 5, ,RB 4, RB 5, ,WR 2, WR 4, WR 5, WR 6, ,TE 4, ,DST 3, 
49900,31,QB 6, ,RB 1, RB 2, ,WR 2, WR 4, WR 5, WR 6, ,TE 3, ,DST2, 
49600,32,QB 6, ,RB 1, RB 2, ,WR 2, WR 4, WR 5, WR 6, ,TE 3, ,DST 3, 
49300,31,QB 6, ,RB 1, RB 2, ,WR 2, WR 4, WR 5, WR 6, ,TE 4, ,DST 1, 
48900,32,QB 6, ,RB 1, RB 2, ,WR 2, WR 4, WR 5, WR 6, ,TE 4, ,DST2, 
48600,33,QB 6, ,RB 1, RB 2, ,WR 2, WR 4, WR 5, WR 6, ,TE 4, ,DST 3, 
49700,26,QB 6, ,RB 1, RB 3, ,WR 1, WR 2, WR 4, WR 5, ,TE 3, ,DST 1, 
49300,27,QB 6, ,RB 1, RB 3, ,WR 1, WR 2, WR 4, WR 5, ,TE 3, ,DST2, 
49000,28,QB 6, ,RB 1, RB 3, ,WR 1, WR 2, WR 4, WR 5, ,TE 3, ,DST 3, 
48700,27,QB 6, ,RB 1, RB 3, ,WR 1, WR 2, WR 4, WR 5, ,TE 4, ,DST 1, 
48300,28,QB 6, ,RB 1, RB 3, ,WR 1, WR 2, WR 4, WR 5, ,TE 4, ,DST2, 
48000,29,QB 6, ,RB 1, RB 3, ,WR 1, WR 2, WR 4, WR 5, ,TE 4, ,DST 3, 
50000,29,QB 6, ,RB 1, RB 3, ,WR 1, WR 2, WR 4, WR 6, ,TE 4, ,DST2, 
49700,30,QB 6, ,RB 1, RB 3, ,WR 1, WR 2, WR 4, WR 6, ,TE 4, ,DST 3, 
49800,30,QB 6, ,RB 1, RB 3, ,WR 1, WR 2, WR 5, WR 6, ,TE 3, ,DST 3, 
49500,29,QB 6, ,RB 1, RB 3, ,WR 1, WR 2, WR 5, WR 6, ,TE 4, ,DST 1, 
49100,30,QB 6, ,RB 1, RB 3, ,WR 1, WR 2, WR 5, WR 6, ,TE 4, ,DST2, 
48800,31,QB 6, ,RB 1, RB 3, ,WR 1, WR 2, WR 5, WR 6, ,TE 4, ,DST 3, 
50000,32,QB 6, ,RB 1, RB 3, ,WR 1, WR 4, WR 5, WR 6, ,TE 4, ,DST2, 
49700,33,QB 6, ,RB 1, RB 3, ,WR 1, WR 4, WR 5, WR 6, ,TE 4, ,DST 3, 
49900,29,QB 6, ,RB 1, RB 3, ,WR 2, WR 3, WR 4, WR 5, ,TE 3, ,DST2, 
49600,30,QB 6, ,RB 1, RB 3, ,WR 2, WR 3, WR 4, WR 5, ,TE 3, ,DST 3, 
49300,29,QB 6, ,RB 1, RB 3, ,WR 2, WR 3, WR 4, WR 5, ,TE 4, ,DST 1, 
48900,30,QB 6, ,RB 1, RB 3, ,WR 2, WR 3, WR 4, WR 5, ,TE 4, ,DST2, 
48600,31,QB 6, ,RB 1, RB 3, ,WR 2, WR 3, WR 4, WR 5, ,TE 4, ,DST 3, 
49700,32,QB 6, ,RB 1, RB 3, ,WR 2, WR 3, WR 5, WR 6, ,TE 4, ,DST2, 
49400,33,QB 6, ,RB 1, RB 3, ,WR 2, WR 3, WR 5, WR 6, ,TE 4, ,DST 3, 
49300,30,QB 6, ,RB 1, RB 3, ,WR 2, WR 4, WR 5, WR 6, ,TE 2, ,DST 1, 
48900,31,QB 6, ,RB 1, RB 3, ,WR 2, WR 4, WR 5, WR 6, ,TE 2, ,DST2, 
48600,32,QB 6, ,RB 1, RB 3, ,WR 2, WR 4, WR 5, WR 6, ,TE 2, ,DST 3, 
48200,31,QB 6, ,RB 1, RB 3, ,WR 2, WR 4, WR 5, WR 6, ,TE 3, ,DST 1, 
47800,32,QB 6, ,RB 1, RB 3, ,WR 2, WR 4, WR 5, WR 6, ,TE 3, ,DST2, 
47500,33,QB 6, ,RB 1, RB 3, ,WR 2, WR 4, WR 5, WR 6, ,TE 3, ,DST 3, 
47200,32,QB 6, ,RB 1, RB 3, ,WR 2, WR 4, WR 5, WR 6, ,TE 4, ,DST 1, 
46800,33,QB 6, ,RB 1, RB 3, ,WR 2, WR 4, WR 5, WR 6, ,TE 4, ,DST2, 
46500,34,QB 6, ,RB 1, RB 3, ,WR 2, WR 4, WR 5, WR 6, ,TE 4, ,DST 3, 
49400,33,QB 6, ,RB 1, RB 3, ,WR 2, WR 4, WR 5, WR 6, ,TE 5, ,DST 1, 
49000,34,QB 6, ,RB 1, RB 3, ,WR 2, WR 4, WR 5, WR 6, ,TE 5, ,DST2, 
48700,35,QB 6, ,RB 1, RB 3, ,WR 2, WR 4, WR 5, WR 6, ,TE 5, ,DST 3, 
50000,33,QB 6, ,RB 1, RB 4, ,WR 2, WR 4, WR 5, WR 6, ,TE 3, ,DST2, 
49700,34,QB 6, ,RB 1, RB 4, ,WR 2, WR 4, WR 5, WR 6, ,TE 3, ,DST 3, 
49400,33,QB 6, ,RB 1, RB 4, ,WR 2, WR 4, WR 5, WR 6, ,TE 4, ,DST 1, 
49000,34,QB 6, ,RB 1, RB 4, ,WR 2, WR 4, WR 5, WR 6, ,TE 4, ,DST2, 
48700,35,QB 6, ,RB 1, RB 4, ,WR 2, WR 4, WR 5, WR 6, ,TE 4, ,DST 3, 
49800,36,QB 6, ,RB 1, RB 5, ,WR 2, WR 4, WR 5, WR 6, ,TE 4, ,DST 3, 
49900,28,QB 6, ,RB 2, RB 3, ,WR 1, WR 2, WR 3, WR 4, ,TE 4, ,DST 3, 
50000,28,QB 6, ,RB 2, RB 3, ,WR 1, WR 2, WR 3, WR 5, ,TE 3, ,DST 3, 
49700,27,QB 6, ,RB 2, RB 3, ,WR 1, WR 2, WR 3, WR 5, ,TE 4, ,DST 1, 
49300,28,QB 6, ,RB 2, RB 3, ,WR 1, WR 2, WR 3, WR 5, ,TE 4, ,DST2, 
49000,29,QB 6, ,RB 2, RB 3, ,WR 1, WR 2, WR 3, WR 5, ,TE 4, ,DST 3, 
48900,26,QB 6, ,RB 2, RB 3, ,WR 1, WR 2, WR 4, WR 5, ,TE 2, ,DST 1, 
48500,27,QB 6, ,RB 2, RB 3, ,WR 1, WR 2, WR 4, WR 5, ,TE 2, ,DST2, 
48200,28,QB 6, ,RB 2, RB 3, ,WR 1, WR 2, WR 4, WR 5, ,TE 2, ,DST 3, 
47800,27,QB 6, ,RB 2, RB 3, ,WR 1, WR 2, WR 4, WR 5, ,TE 3, ,DST 1, 
47400,28,QB 6, ,RB 2, RB 3, ,WR 1, WR 2, WR 4, WR 5, ,TE 3, ,DST2, 
47100,29,QB 6, ,RB 2, RB 3, ,WR 1, WR 2, WR 4, WR 5, ,TE 3, ,DST 3, 
46800,28,QB 6, ,RB 2, RB 3, ,WR 1, WR 2, WR 4, WR 5, ,TE 4, ,DST 1, 
46400,29,QB 6, ,RB 2, RB 3, ,WR 1, WR 2, WR 4, WR 5, ,TE 4, ,DST2, 
46100,30,QB 6, ,RB 2, RB 3, ,WR 1, WR 2, WR 4, WR 5, ,TE 4, ,DST 3, 
49000,29,QB 6, ,RB 2, RB 3, ,WR 1, WR 2, WR 4, WR 5, ,TE 5, ,DST 1, 
48600,30,QB 6, ,RB 2, RB 3, ,WR 1, WR 2, WR 4, WR 5, ,TE 5, ,DST2, 
48300,31,QB 6, ,RB 2, RB 3, ,WR 1, WR 2, WR 4, WR 5, ,TE 5, ,DST 3, 
49900,29,QB 6, ,RB 2, RB 3, ,WR 1, WR 2, WR 4, WR 6, ,TE 2, ,DST 3, 
49500,28,QB 6, ,RB 2, RB 3, ,WR 1, WR 2, WR 4, WR 6, ,TE 3, ,DST 1, 
49100,29,QB 6, ,RB 2, RB 3, ,WR 1, WR 2, WR 4, WR 6, ,TE 3, ,DST2, 
48800,30,QB 6, ,RB 2, RB 3, ,WR 1, WR 2, WR 4, WR 6, ,TE 3, ,DST 3, 
48500,29,QB 6, ,RB 2, RB 3, ,WR 1, WR 2, WR 4, WR 6, ,TE 4, ,DST 1, 
48100,30,QB 6, ,RB 2, RB 3, ,WR 1, WR 2, WR 4, WR 6, ,TE 4, ,DST2, 
47800,31,QB 6, ,RB 2, RB 3, ,WR 1, WR 2, WR 4, WR 6, ,TE 4, ,DST 3, 
50000,32,QB 6, ,RB 2, RB 3, ,WR 1, WR 2, WR 4, WR 6, ,TE 5, ,DST 3, 
49700,28,QB 6, ,RB 2, RB 3, ,WR 1, WR 2, WR 5, WR 6, ,TE 2, ,DST 1, 
49300,29,QB 6, ,RB 2, RB 3, ,WR 1, WR 2, WR 5, WR 6, ,TE 2, ,DST2, 
49000,30,QB 6, ,RB 2, RB 3, ,WR 1, WR 2, WR 5, WR 6, ,TE 2, ,DST 3, 
48600,29,QB 6, ,RB 2, RB 3, ,WR 1, WR 2, WR 5, WR 6, ,TE 3, ,DST 1, 
48200,30,QB 6, ,RB 2, RB 3, ,WR 1, WR 2, WR 5, WR 6, ,TE 3, ,DST2, 
47900,31,QB 6, ,RB 2, RB 3, ,WR 1, WR 2, WR 5, WR 6, ,TE 3, ,DST 3, 
47600,30,QB 6, ,RB 2, RB 3, ,WR 1, WR 2, WR 5, WR 6, ,TE 4, ,DST 1, 
47200,31,QB 6, ,RB 2, RB 3, ,WR 1, WR 2, WR 5, WR 6, ,TE 4, ,DST2, 
46900,32,QB 6, ,RB 2, RB 3, ,WR 1, WR 2, WR 5, WR 6, ,TE 4, ,DST 3, 
49800,31,QB 6, ,RB 2, RB 3, ,WR 1, WR 2, WR 5, WR 6, ,TE 5, ,DST 1, 
49400,32,QB 6, ,RB 2, RB 3, ,WR 1, WR 2, WR 5, WR 6, ,TE 5, ,DST2, 
49100,33,QB 6, ,RB 2, RB 3, ,WR 1, WR 2, WR 5, WR 6, ,TE 5, ,DST 3, 
49900,31,QB 6, ,RB 2, RB 3, ,WR 1, WR 3, WR 4, WR 5, ,TE 4, ,DST 3, 
49900,32,QB 6, ,RB 2, RB 3, ,WR 1, WR 4, WR 5, WR 6, ,TE 2, ,DST 3, 
49500,31,QB 6, ,RB 2, RB 3, ,WR 1, WR 4, WR 5, WR 6, ,TE 3, ,DST 1, 
49100,32,QB 6, ,RB 2, RB 3, ,WR 1, WR 4, WR 5, WR 6, ,TE 3, ,DST2, 
48800,33,QB 6, ,RB 2, RB 3, ,WR 1, WR 4, WR 5, WR 6, ,TE 3, ,DST 3, 
48500,32,QB 6, ,RB 2, RB 3, ,WR 1, WR 4, WR 5, WR 6, ,TE 4, ,DST 1, 
48100,33,QB 6, ,RB 2, RB 3, ,WR 1, WR 4, WR 5, WR 6, ,TE 4, ,DST2, 
47800,34,QB 6, ,RB 2, RB 3, ,WR 1, WR 4, WR 5, WR 6, ,TE 4, ,DST 3, 
50000,35,QB 6, ,RB 2, RB 3, ,WR 1, WR 4, WR 5, WR 6, ,TE 5, ,DST 3, 
49500,28,QB 6, ,RB 2, RB 3, ,WR 2, WR 3, WR 4, WR 5, ,TE 2, ,DST 1, 
49100,29,QB 6, ,RB 2, RB 3, ,WR 2, WR 3, WR 4, WR 5, ,TE 2, ,DST2, 
48800,30,QB 6, ,RB 2, RB 3, ,WR 2, WR 3, WR 4, WR 5, ,TE 2, ,DST 3, 
48400,29,QB 6, ,RB 2, RB 3, ,WR 2, WR 3, WR 4, WR 5, ,TE 3, ,DST 1, 
48000,30,QB 6, ,RB 2, RB 3, ,WR 2, WR 3, WR 4, WR 5, ,TE 3, ,DST2, 
47700,31,QB 6, ,RB 2, RB 3, ,WR 2, WR 3, WR 4, WR 5, ,TE 3, ,DST 3, 
47400,30,QB 6, ,RB 2, RB 3, ,WR 2, WR 3, WR 4, WR 5, ,TE 4, ,DST 1, 
47000,31,QB 6, ,RB 2, RB 3, ,WR 2, WR 3, WR 4, WR 5, ,TE 4, ,DST2, 
46700,32,QB 6, ,RB 2, RB 3, ,WR 2, WR 3, WR 4, WR 5, ,TE 4, ,DST 3, 
49600,31,QB 6, ,RB 2, RB 3, ,WR 2, WR 3, WR 4, WR 5, ,TE 5, ,DST 1, 
49200,32,QB 6, ,RB 2, RB 3, ,WR 2, WR 3, WR 4, WR 5, ,TE 5, ,DST2, 
48900,33,QB 6, ,RB 2, RB 3, ,WR 2, WR 3, WR 4, WR 5, ,TE 5, ,DST 3, 
49700,31,QB 6, ,RB 2, RB 3, ,WR 2, WR 3, WR 4, WR 6, ,TE 3, ,DST2, 
49400,32,QB 6, ,RB 2, RB 3, ,WR 2, WR 3, WR 4, WR 6, ,TE 3, ,DST 3, 
49100,31,QB 6, ,RB 2, RB 3, ,WR 2, WR 3, WR 4, WR 6, ,TE 4, ,DST 1, 
48700,32,QB 6, ,RB 2, RB 3, ,WR 2, WR 3, WR 4, WR 6, ,TE 4, ,DST2, 
48400,33,QB 6, ,RB 2, RB 3, ,WR 2, WR 3, WR 4, WR 6, ,TE 4, ,DST 3, 
49900,31,QB 6, ,RB 2, RB 3, ,WR 2, WR 3, WR 5, WR 6, ,TE 2, ,DST2, 
49600,32,QB 6, ,RB 2, RB 3, ,WR 2, WR 3, WR 5, WR 6, ,TE 2, ,DST 3, 
49200,31,QB 6, ,RB 2, RB 3, ,WR 2, WR 3, WR 5, WR 6, ,TE 3, ,DST 1, 
48800,32,QB 6, ,RB 2, RB 3, ,WR 2, WR 3, WR 5, WR 6, ,TE 3, ,DST2, 
48500,33,QB 6, ,RB 2, RB 3, ,WR 2, WR 3, WR 5, WR 6, ,TE 3, ,DST 3, 
48200,32,QB 6, ,RB 2, RB 3, ,WR 2, WR 3, WR 5, WR 6, ,TE 4, ,DST 1, 
47800,33,QB 6, ,RB 2, RB 3, ,WR 2, WR 3, WR 5, WR 6, ,TE 4, ,DST2, 
47500,34,QB 6, ,RB 2, RB 3, ,WR 2, WR 3, WR 5, WR 6, ,TE 4, ,DST 3, 
50000,34,QB 6, ,RB 2, RB 3, ,WR 2, WR 3, WR 5, WR 6, ,TE 5, ,DST2, 
49700,35,QB 6, ,RB 2, RB 3, ,WR 2, WR 3, WR 5, WR 6, ,TE 5, ,DST 3, 
50000,32,QB 6, ,RB 2, RB 3, ,WR 2, WR 4, WR 5, WR 6, ,TE 1, ,DST 3, 
47400,31,QB 6, ,RB 2, RB 3, ,WR 2, WR 4, WR 5, WR 6, ,TE 2, ,DST 1, 
47000,32,QB 6, ,RB 2, RB 3, ,WR 2, WR 4, WR 5, WR 6, ,TE 2, ,DST2, 
46700,33,QB 6, ,RB 2, RB 3, ,WR 2, WR 4, WR 5, WR 6, ,TE 2, ,DST 3, 
46300,32,QB 6, ,RB 2, RB 3, ,WR 2, WR 4, WR 5, WR 6, ,TE 3, ,DST 1, 
45900,33,QB 6, ,RB 2, RB 3, ,WR 2, WR 4, WR 5, WR 6, ,TE 3, ,DST2, 
45600,34,QB 6, ,RB 2, RB 3, ,WR 2, WR 4, WR 5, WR 6, ,TE 3, ,DST 3, 
45300,33,QB 6, ,RB 2, RB 3, ,WR 2, WR 4, WR 5, WR 6, ,TE 4, ,DST 1, 
44900,34,QB 6, ,RB 2, RB 3, ,WR 2, WR 4, WR 5, WR 6, ,TE 4, ,DST2, 
44600,35,QB 6, ,RB 2, RB 3, ,WR 2, WR 4, WR 5, WR 6, ,TE 4, ,DST 3, 
47500,34,QB 6, ,RB 2, RB 3, ,WR 2, WR 4, WR 5, WR 6, ,TE 5, ,DST 1, 
47100,35,QB 6, ,RB 2, RB 3, ,WR 2, WR 4, WR 5, WR 6, ,TE 5, ,DST2, 
46800,36,QB 6, ,RB 2, RB 3, ,WR 2, WR 4, WR 5, WR 6, ,TE 5, ,DST 3, 
49700,34,QB 6, ,RB 2, RB 3, ,WR 3, WR 4, WR 5, WR 6, ,TE 3, ,DST2, 
49400,35,QB 6, ,RB 2, RB 3, ,WR 3, WR 4, WR 5, WR 6, ,TE 3, ,DST 3, 
49100,34,QB 6, ,RB 2, RB 3, ,WR 3, WR 4, WR 5, WR 6, ,TE 4, ,DST 1, 
48700,35,QB 6, ,RB 2, RB 3, ,WR 3, WR 4, WR 5, WR 6, ,TE 4, ,DST2, 
48400,36,QB 6, ,RB 2, RB 3, ,WR 3, WR 4, WR 5, WR 6, ,TE 4, ,DST 3, 
50000,28,QB 6, ,RB 2, RB 4, ,WR 1, WR 2, WR 4, WR 5, ,TE 3, ,DST 1, 
49600,29,QB 6, ,RB 2, RB 4, ,WR 1, WR 2, WR 4, WR 5, ,TE 3, ,DST2, 
49300,30,QB 6, ,RB 2, RB 4, ,WR 1, WR 2, WR 4, WR 5, ,TE 3, ,DST 3, 
49000,29,QB 6, ,RB 2, RB 4, ,WR 1, WR 2, WR 4, WR 5, ,TE 4, ,DST 1, 
48600,30,QB 6, ,RB 2, RB 4, ,WR 1, WR 2, WR 4, WR 5, ,TE 4, ,DST2, 
48300,31,QB 6, ,RB 2, RB 4, ,WR 1, WR 2, WR 4, WR 5, ,TE 4, ,DST 3, 
50000,32,QB 6, ,RB 2, RB 4, ,WR 1, WR 2, WR 4, WR 6, ,TE 4, ,DST 3, 
49800,31,QB 6, ,RB 2, RB 4, ,WR 1, WR 2, WR 5, WR 6, ,TE 4, ,DST 1, 
49400,32,QB 6, ,RB 2, RB 4, ,WR 1, WR 2, WR 5, WR 6, ,TE 4, ,DST2, 
49100,33,QB 6, ,RB 2, RB 4, ,WR 1, WR 2, WR 5, WR 6, ,TE 4, ,DST 3, 
50000,35,QB 6, ,RB 2, RB 4, ,WR 1, WR 4, WR 5, WR 6, ,TE 4, ,DST 3, 
49900,32,QB 6, ,RB 2, RB 4, ,WR 2, WR 3, WR 4, WR 5, ,TE 3, ,DST 3, 
49600,31,QB 6, ,RB 2, RB 4, ,WR 2, WR 3, WR 4, WR 5, ,TE 4, ,DST 1, 
49200,32,QB 6, ,RB 2, RB 4, ,WR 2, WR 3, WR 4, WR 5, ,TE 4, ,DST2, 
48900,33,QB 6, ,RB 2, RB 4, ,WR 2, WR 3, WR 4, WR 5, ,TE 4, ,DST 3, 
50000,34,QB 6, ,RB 2, RB 4, ,WR 2, WR 3, WR 5, WR 6, ,TE 4, ,DST2, 
49700,35,QB 6, ,RB 2, RB 4, ,WR 2, WR 3, WR 5, WR 6, ,TE 4, ,DST 3, 
49600,32,QB 6, ,RB 2, RB 4, ,WR 2, WR 4, WR 5, WR 6, ,TE 2, ,DST 1, 
49200,33,QB 6, ,RB 2, RB 4, ,WR 2, WR 4, WR 5, WR 6, ,TE 2, ,DST2, 
48900,34,QB 6, ,RB 2, RB 4, ,WR 2, WR 4, WR 5, WR 6, ,TE 2, ,DST 3, 
48500,33,QB 6, ,RB 2, RB 4, ,WR 2, WR 4, WR 5, WR 6, ,TE 3, ,DST 1, 
48100,34,QB 6, ,RB 2, RB 4, ,WR 2, WR 4, WR 5, WR 6, ,TE 3, ,DST2, 
47800,35,QB 6, ,RB 2, RB 4, ,WR 2, WR 4, WR 5, WR 6, ,TE 3, ,DST 3, 
47500,34,QB 6, ,RB 2, RB 4, ,WR 2, WR 4, WR 5, WR 6, ,TE 4, ,DST 1, 
47100,35,QB 6, ,RB 2, RB 4, ,WR 2, WR 4, WR 5, WR 6, ,TE 4, ,DST2, 
46800,36,QB 6, ,RB 2, RB 4, ,WR 2, WR 4, WR 5, WR 6, ,TE 4, ,DST 3, 
49700,35,QB 6, ,RB 2, RB 4, ,WR 2, WR 4, WR 5, WR 6, ,TE 5, ,DST 1, 
49300,36,QB 6, ,RB 2, RB 4, ,WR 2, WR 4, WR 5, WR 6, ,TE 5, ,DST2, 
49000,37,QB 6, ,RB 2, RB 4, ,WR 2, WR 4, WR 5, WR 6, ,TE 5, ,DST 3, 
49700,31,QB 6, ,RB 2, RB 5, ,WR 1, WR 2, WR 4, WR 5, ,TE 4, ,DST2, 
49400,32,QB 6, ,RB 2, RB 5, ,WR 1, WR 2, WR 4, WR 5, ,TE 4, ,DST 3, 
50000,34,QB 6, ,RB 2, RB 5, ,WR 2, WR 3, WR 4, WR 5, ,TE 4, ,DST 3, 
50000,35,QB 6, ,RB 2, RB 5, ,WR 2, WR 4, WR 5, WR 6, ,TE 2, ,DST 3, 
49600,34,QB 6, ,RB 2, RB 5, ,WR 2, WR 4, WR 5, WR 6, ,TE 3, ,DST 1, 
49200,35,QB 6, ,RB 2, RB 5, ,WR 2, WR 4, WR 5, WR 6, ,TE 3, ,DST2, 
48900,36,QB 6, ,RB 2, RB 5, ,WR 2, WR 4, WR 5, WR 6, ,TE 3, ,DST 3, 
48600,35,QB 6, ,RB 2, RB 5, ,WR 2, WR 4, WR 5, WR 6, ,TE 4, ,DST 1, 
48200,36,QB 6, ,RB 2, RB 5, ,WR 2, WR 4, WR 5, WR 6, ,TE 4, ,DST2, 
47900,37,QB 6, ,RB 2, RB 5, ,WR 2, WR 4, WR 5, WR 6, ,TE 4, ,DST 3, 
50000,30,QB 6, ,RB 3, RB 4, ,WR 1, WR 2, WR 3, WR 4, ,TE 4, ,DST 3, 
49800,29,QB 6, ,RB 3, RB 4, ,WR 1, WR 2, WR 3, WR 5, ,TE 4, ,DST 1, 
49400,30,QB 6, ,RB 3, RB 4, ,WR 1, WR 2, WR 3, WR 5, ,TE 4, ,DST2, 
49100,31,QB 6, ,RB 3, RB 4, ,WR 1, WR 2, WR 3, WR 5, ,TE 4, ,DST 3, 
49000,28,QB 6, ,RB 3, RB 4, ,WR 1, WR 2, WR 4, WR 5, ,TE 2, ,DST 1, 
48600,29,QB 6, ,RB 3, RB 4, ,WR 1, WR 2, WR 4, WR 5, ,TE 2, ,DST2, 
48300,30,QB 6, ,RB 3, RB 4, ,WR 1, WR 2, WR 4, WR 5, ,TE 2, ,DST 3, 
47900,29,QB 6, ,RB 3, RB 4, ,WR 1, WR 2, WR 4, WR 5, ,TE 3, ,DST 1, 
47500,30,QB 6, ,RB 3, RB 4, ,WR 1, WR 2, WR 4, WR 5, ,TE 3, ,DST2, 
47200,31,QB 6, ,RB 3, RB 4, ,WR 1, WR 2, WR 4, WR 5, ,TE 3, ,DST 3, 
46900,30,QB 6, ,RB 3, RB 4, ,WR 1, WR 2, WR 4, WR 5, ,TE 4, ,DST 1, 
46500,31,QB 6, ,RB 3, RB 4, ,WR 1, WR 2, WR 4, WR 5, ,TE 4, ,DST2, 
46200,32,QB 6, ,RB 3, RB 4, ,WR 1, WR 2, WR 4, WR 5, ,TE 4, ,DST 3, 
49100,31,QB 6, ,RB 3, RB 4, ,WR 1, WR 2, WR 4, WR 5, ,TE 5, ,DST 1, 
48700,32,QB 6, ,RB 3, RB 4, ,WR 1, WR 2, WR 4, WR 5, ,TE 5, ,DST2, 
48400,33,QB 6, ,RB 3, RB 4, ,WR 1, WR 2, WR 4, WR 5, ,TE 5, ,DST 3, 
50000,31,QB 6, ,RB 3, RB 4, ,WR 1, WR 2, WR 4, WR 6, ,TE 2, ,DST 3, 
49600,30,QB 6, ,RB 3, RB 4, ,WR 1, WR 2, WR 4, WR 6, ,TE 3, ,DST 1, 
49200,31,QB 6, ,RB 3, RB 4, ,WR 1, WR 2, WR 4, WR 6, ,TE 3, ,DST2, 
48900,32,QB 6, ,RB 3, RB 4, ,WR 1, WR 2, WR 4, WR 6, ,TE 3, ,DST 3, 
48600,31,QB 6, ,RB 3, RB 4, ,WR 1, WR 2, WR 4, WR 6, ,TE 4, ,DST 1, 
48200,32,QB 6, ,RB 3, RB 4, ,WR 1, WR 2, WR 4, WR 6, ,TE 4, ,DST2, 
47900,33,QB 6, ,RB 3, RB 4, ,WR 1, WR 2, WR 4, WR 6, ,TE 4, ,DST 3, 
49800,30,QB 6, ,RB 3, RB 4, ,WR 1, WR 2, WR 5, WR 6, ,TE 2, ,DST 1, 
49400,31,QB 6, ,RB 3, RB 4, ,WR 1, WR 2, WR 5, WR 6, ,TE 2, ,DST2, 
49100,32,QB 6, ,RB 3, RB 4, ,WR 1, WR 2, WR 5, WR 6, ,TE 2, ,DST 3, 
48700,31,QB 6, ,RB 3, RB 4, ,WR 1, WR 2, WR 5, WR 6, ,TE 3, ,DST 1, 
48300,32,QB 6, ,RB 3, RB 4, ,WR 1, WR 2, WR 5, WR 6, ,TE 3, ,DST2, 
48000,33,QB 6, ,RB 3, RB 4, ,WR 1, WR 2, WR 5, WR 6, ,TE 3, ,DST 3, 
47700,32,QB 6, ,RB 3, RB 4, ,WR 1, WR 2, WR 5, WR 6, ,TE 4, ,DST 1, 
47300,33,QB 6, ,RB 3, RB 4, ,WR 1, WR 2, WR 5, WR 6, ,TE 4, ,DST2, 
47000,34,QB 6, ,RB 3, RB 4, ,WR 1, WR 2, WR 5, WR 6, ,TE 4, ,DST 3, 
49900,33,QB 6, ,RB 3, RB 4, ,WR 1, WR 2, WR 5, WR 6, ,TE 5, ,DST 1, 
49500,34,QB 6, ,RB 3, RB 4, ,WR 1, WR 2, WR 5, WR 6, ,TE 5, ,DST2, 
49200,35,QB 6, ,RB 3, RB 4, ,WR 1, WR 2, WR 5, WR 6, ,TE 5, ,DST 3, 
50000,33,QB 6, ,RB 3, RB 4, ,WR 1, WR 3, WR 4, WR 5, ,TE 4, ,DST 3, 
50000,34,QB 6, ,RB 3, RB 4, ,WR 1, WR 4, WR 5, WR 6, ,TE 2, ,DST 3, 
49600,33,QB 6, ,RB 3, RB 4, ,WR 1, WR 4, WR 5, WR 6, ,TE 3, ,DST 1, 
49200,34,QB 6, ,RB 3, RB 4, ,WR 1, WR 4, WR 5, WR 6, ,TE 3, ,DST2, 
48900,35,QB 6, ,RB 3, RB 4, ,WR 1, WR 4, WR 5, WR 6, ,TE 3, ,DST 3, 
48600,34,QB 6, ,RB 3, RB 4, ,WR 1, WR 4, WR 5, WR 6, ,TE 4, ,DST 1, 
48200,35,QB 6, ,RB 3, RB 4, ,WR 1, WR 4, WR 5, WR 6, ,TE 4, ,DST2, 
47900,36,QB 6, ,RB 3, RB 4, ,WR 1, WR 4, WR 5, WR 6, ,TE 4, ,DST 3, 
49600,30,QB 6, ,RB 3, RB 4, ,WR 2, WR 3, WR 4, WR 5, ,TE 2, ,DST 1, 
49200,31,QB 6, ,RB 3, RB 4, ,WR 2, WR 3, WR 4, WR 5, ,TE 2, ,DST2, 
48900,32,QB 6, ,RB 3, RB 4, ,WR 2, WR 3, WR 4, WR 5, ,TE 2, ,DST 3, 
48500,31,QB 6, ,RB 3, RB 4, ,WR 2, WR 3, WR 4, WR 5, ,TE 3, ,DST 1, 
48100,32,QB 6, ,RB 3, RB 4, ,WR 2, WR 3, WR 4, WR 5, ,TE 3, ,DST2, 
47800,33,QB 6, ,RB 3, RB 4, ,WR 2, WR 3, WR 4, WR 5, ,TE 3, ,DST 3, 
47500,32,QB 6, ,RB 3, RB 4, ,WR 2, WR 3, WR 4, WR 5, ,TE 4, ,DST 1, 
47100,33,QB 6, ,RB 3, RB 4, ,WR 2, WR 3, WR 4, WR 5, ,TE 4, ,DST2, 
46800,34,QB 6, ,RB 3, RB 4, ,WR 2, WR 3, WR 4, WR 5, ,TE 4, ,DST 3, 
49700,33,QB 6, ,RB 3, RB 4, ,WR 2, WR 3, WR 4, WR 5, ,TE 5, ,DST 1, 
49300,34,QB 6, ,RB 3, RB 4, ,WR 2, WR 3, WR 4, WR 5, ,TE 5, ,DST2, 
49000,35,QB 6, ,RB 3, RB 4, ,WR 2, WR 3, WR 4, WR 5, ,TE 5, ,DST 3, 
49800,33,QB 6, ,RB 3, RB 4, ,WR 2, WR 3, WR 4, WR 6, ,TE 3, ,DST2, 
49500,34,QB 6, ,RB 3, RB 4, ,WR 2, WR 3, WR 4, WR 6, ,TE 3, ,DST 3, 
49200,33,QB 6, ,RB 3, RB 4, ,WR 2, WR 3, WR 4, WR 6, ,TE 4, ,DST 1, 
48800,34,QB 6, ,RB 3, RB 4, ,WR 2, WR 3, WR 4, WR 6, ,TE 4, ,DST2, 
48500,35,QB 6, ,RB 3, RB 4, ,WR 2, WR 3, WR 4, WR 6, ,TE 4, ,DST 3, 
50000,33,QB 6, ,RB 3, RB 4, ,WR 2, WR 3, WR 5, WR 6, ,TE 2, ,DST2, 
49700,34,QB 6, ,RB 3, RB 4, ,WR 2, WR 3, WR 5, WR 6, ,TE 2, ,DST 3, 
49300,33,QB 6, ,RB 3, RB 4, ,WR 2, WR 3, WR 5, WR 6, ,TE 3, ,DST 1, 
48900,34,QB 6, ,RB 3, RB 4, ,WR 2, WR 3, WR 5, WR 6, ,TE 3, ,DST2, 
48600,35,QB 6, ,RB 3, RB 4, ,WR 2, WR 3, WR 5, WR 6, ,TE 3, ,DST 3, 
48300,34,QB 6, ,RB 3, RB 4, ,WR 2, WR 3, WR 5, WR 6, ,TE 4, ,DST 1, 
47900,35,QB 6, ,RB 3, RB 4, ,WR 2, WR 3, WR 5, WR 6, ,TE 4, ,DST2, 
47600,36,QB 6, ,RB 3, RB 4, ,WR 2, WR 3, WR 5, WR 6, ,TE 4, ,DST 3, 
49800,37,QB 6, ,RB 3, RB 4, ,WR 2, WR 3, WR 5, WR 6, ,TE 5, ,DST 3, 
47500,33,QB 6, ,RB 3, RB 4, ,WR 2, WR 4, WR 5, WR 6, ,TE 2, ,DST 1, 
47100,34,QB 6, ,RB 3, RB 4, ,WR 2, WR 4, WR 5, WR 6, ,TE 2, ,DST2, 
46800,35,QB 6, ,RB 3, RB 4, ,WR 2, WR 4, WR 5, WR 6, ,TE 2, ,DST 3, 
46400,34,QB 6, ,RB 3, RB 4, ,WR 2, WR 4, WR 5, WR 6, ,TE 3, ,DST 1, 
46000,35,QB 6, ,RB 3, RB 4, ,WR 2, WR 4, WR 5, WR 6, ,TE 3, ,DST2, 
45700,36,QB 6, ,RB 3, RB 4, ,WR 2, WR 4, WR 5, WR 6, ,TE 3, ,DST 3, 
45400,35,QB 6, ,RB 3, RB 4, ,WR 2, WR 4, WR 5, WR 6, ,TE 4, ,DST 1, 
45000,36,QB 6, ,RB 3, RB 4, ,WR 2, WR 4, WR 5, WR 6, ,TE 4, ,DST2, 
44700,37,QB 6, ,RB 3, RB 4, ,WR 2, WR 4, WR 5, WR 6, ,TE 4, ,DST 3, 
47600,36,QB 6, ,RB 3, RB 4, ,WR 2, WR 4, WR 5, WR 6, ,TE 5, ,DST 1, 
47200,37,QB 6, ,RB 3, RB 4, ,WR 2, WR 4, WR 5, WR 6, ,TE 5, ,DST2, 
46900,38,QB 6, ,RB 3, RB 4, ,WR 2, WR 4, WR 5, WR 6, ,TE 5, ,DST 3, 
49800,36,QB 6, ,RB 3, RB 4, ,WR 3, WR 4, WR 5, WR 6, ,TE 3, ,DST2, 
49500,37,QB 6, ,RB 3, RB 4, ,WR 3, WR 4, WR 5, WR 6, ,TE 3, ,DST 3, 
49200,36,QB 6, ,RB 3, RB 4, ,WR 3, WR 4, WR 5, WR 6, ,TE 4, ,DST 1, 
48800,37,QB 6, ,RB 3, RB 4, ,WR 3, WR 4, WR 5, WR 6, ,TE 4, ,DST2, 
48500,38,QB 6, ,RB 3, RB 4, ,WR 3, WR 4, WR 5, WR 6, ,TE 4, ,DST 3, 
49700,30,QB 6, ,RB 3, RB 5, ,WR 1, WR 2, WR 4, WR 5, ,TE 2, ,DST2, 
49400,31,QB 6, ,RB 3, RB 5, ,WR 1, WR 2, WR 4, WR 5, ,TE 2, ,DST 3, 
49000,30,QB 6, ,RB 3, RB 5, ,WR 1, WR 2, WR 4, WR 5, ,TE 3, ,DST 1, 
48600,31,QB 6, ,RB 3, RB 5, ,WR 1, WR 2, WR 4, WR 5, ,TE 3, ,DST2, 
48300,32,QB 6, ,RB 3, RB 5, ,WR 1, WR 2, WR 4, WR 5, ,TE 3, ,DST 3, 
48000,31,QB 6, ,RB 3, RB 5, ,WR 1, WR 2, WR 4, WR 5, ,TE 4, ,DST 1, 
47600,32,QB 6, ,RB 3, RB 5, ,WR 1, WR 2, WR 4, WR 5, ,TE 4, ,DST2, 
47300,33,QB 6, ,RB 3, RB 5, ,WR 1, WR 2, WR 4, WR 5, ,TE 4, ,DST 3, 
49800,33,QB 6, ,RB 3, RB 5, ,WR 1, WR 2, WR 4, WR 5, ,TE 5, ,DST2, 
49500,34,QB 6, ,RB 3, RB 5, ,WR 1, WR 2, WR 4, WR 5, ,TE 5, ,DST 3, 
50000,33,QB 6, ,RB 3, RB 5, ,WR 1, WR 2, WR 4, WR 6, ,TE 3, ,DST 3, 
49700,32,QB 6, ,RB 3, RB 5, ,WR 1, WR 2, WR 4, WR 6, ,TE 4, ,DST 1, 
49300,33,QB 6, ,RB 3, RB 5, ,WR 1, WR 2, WR 4, WR 6, ,TE 4, ,DST2, 
49000,34,QB 6, ,RB 3, RB 5, ,WR 1, WR 2, WR 4, WR 6, ,TE 4, ,DST 3, 
49800,32,QB 6, ,RB 3, RB 5, ,WR 1, WR 2, WR 5, WR 6, ,TE 3, ,DST 1, 
49400,33,QB 6, ,RB 3, RB 5, ,WR 1, WR 2, WR 5, WR 6, ,TE 3, ,DST2, 
49100,34,QB 6, ,RB 3, RB 5, ,WR 1, WR 2, WR 5, WR 6, ,TE 3, ,DST 3, 
48800,33,QB 6, ,RB 3, RB 5, ,WR 1, WR 2, WR 5, WR 6, ,TE 4, ,DST 1, 
48400,34,QB 6, ,RB 3, RB 5, ,WR 1, WR 2, WR 5, WR 6, ,TE 4, ,DST2, 
48100,35,QB 6, ,RB 3, RB 5, ,WR 1, WR 2, WR 5, WR 6, ,TE 4, ,DST 3, 
50000,36,QB 6, ,RB 3, RB 5, ,WR 1, WR 4, WR 5, WR 6, ,TE 3, ,DST 3, 
49700,35,QB 6, ,RB 3, RB 5, ,WR 1, WR 4, WR 5, WR 6, ,TE 4, ,DST 1, 
49300,36,QB 6, ,RB 3, RB 5, ,WR 1, WR 4, WR 5, WR 6, ,TE 4, ,DST2, 
49000,37,QB 6, ,RB 3, RB 5, ,WR 1, WR 4, WR 5, WR 6, ,TE 4, ,DST 3, 
50000,33,QB 6, ,RB 3, RB 5, ,WR 2, WR 3, WR 4, WR 5, ,TE 2, ,DST 3, 
49600,32,QB 6, ,RB 3, RB 5, ,WR 2, WR 3, WR 4, WR 5, ,TE 3, ,DST 1, 
49200,33,QB 6, ,RB 3, RB 5, ,WR 2, WR 3, WR 4, WR 5, ,TE 3, ,DST2, 
48900,34,QB 6, ,RB 3, RB 5, ,WR 2, WR 3, WR 4, WR 5, ,TE 3, ,DST 3, 
48600,33,QB 6, ,RB 3, RB 5, ,WR 2, WR 3, WR 4, WR 5, ,TE 4, ,DST 1, 
48200,34,QB 6, ,RB 3, RB 5, ,WR 2, WR 3, WR 4, WR 5, ,TE 4, ,DST2, 
47900,35,QB 6, ,RB 3, RB 5, ,WR 2, WR 3, WR 4, WR 5, ,TE 4, ,DST 3, 
49900,35,QB 6, ,RB 3, RB 5, ,WR 2, WR 3, WR 4, WR 6, ,TE 4, ,DST2, 
49600,36,QB 6, ,RB 3, RB 5, ,WR 2, WR 3, WR 4, WR 6, ,TE 4, ,DST 3, 
50000,35,QB 6, ,RB 3, RB 5, ,WR 2, WR 3, WR 5, WR 6, ,TE 3, ,DST2, 
49700,36,QB 6, ,RB 3, RB 5, ,WR 2, WR 3, WR 5, WR 6, ,TE 3, ,DST 3, 
49400,35,QB 6, ,RB 3, RB 5, ,WR 2, WR 3, WR 5, WR 6, ,TE 4, ,DST 1, 
49000,36,QB 6, ,RB 3, RB 5, ,WR 2, WR 3, WR 5, WR 6, ,TE 4, ,DST2, 
48700,37,QB 6, ,RB 3, RB 5, ,WR 2, WR 3, WR 5, WR 6, ,TE 4, ,DST 3, 
48600,34,QB 6, ,RB 3, RB 5, ,WR 2, WR 4, WR 5, WR 6, ,TE 2, ,DST 1, 
48200,35,QB 6, ,RB 3, RB 5, ,WR 2, WR 4, WR 5, WR 6, ,TE 2, ,DST2, 
47900,36,QB 6, ,RB 3, RB 5, ,WR 2, WR 4, WR 5, WR 6, ,TE 2, ,DST 3, 
47500,35,QB 6, ,RB 3, RB 5, ,WR 2, WR 4, WR 5, WR 6, ,TE 3, ,DST 1, 
47100,36,QB 6, ,RB 3, RB 5, ,WR 2, WR 4, WR 5, WR 6, ,TE 3, ,DST2, 
46800,37,QB 6, ,RB 3, RB 5, ,WR 2, WR 4, WR 5, WR 6, ,TE 3, ,DST 3, 
46500,36,QB 6, ,RB 3, RB 5, ,WR 2, WR 4, WR 5, WR 6, ,TE 4, ,DST 1, 
46100,37,QB 6, ,RB 3, RB 5, ,WR 2, WR 4, WR 5, WR 6, ,TE 4, ,DST2, 
45800,38,QB 6, ,RB 3, RB 5, ,WR 2, WR 4, WR 5, WR 6, ,TE 4, ,DST 3, 
48700,37,QB 6, ,RB 3, RB 5, ,WR 2, WR 4, WR 5, WR 6, ,TE 5, ,DST 1, 
48300,38,QB 6, ,RB 3, RB 5, ,WR 2, WR 4, WR 5, WR 6, ,TE 5, ,DST2, 
48000,39,QB 6, ,RB 3, RB 5, ,WR 2, WR 4, WR 5, WR 6, ,TE 5, ,DST 3, 
49900,38,QB 6, ,RB 3, RB 5, ,WR 3, WR 4, WR 5, WR 6, ,TE 4, ,DST2, 
49600,39,QB 6, ,RB 3, RB 5, ,WR 3, WR 4, WR 5, WR 6, ,TE 4, ,DST 3, 
49800,33,QB 6, ,RB 4, RB 5, ,WR 1, WR 2, WR 4, WR 5, ,TE 4, ,DST2, 
49500,34,QB 6, ,RB 4, RB 5, ,WR 1, WR 2, WR 4, WR 5, ,TE 4, ,DST 3, 
49700,36,QB 6, ,RB 4, RB 5, ,WR 2, WR 4, WR 5, WR 6, ,TE 3, ,DST 1, 
49300,37,QB 6, ,RB 4, RB 5, ,WR 2, WR 4, WR 5, WR 6, ,TE 3, ,DST2, 
49000,38,QB 6, ,RB 4, RB 5, ,WR 2, WR 4, WR 5, WR 6, ,TE 3, ,DST 3, 
48700,37,QB 6, ,RB 4, RB 5, ,WR 2, WR 4, WR 5, WR 6, ,TE 4, ,DST 1, 
48300,38,QB 6, ,RB 4, RB 5, ,WR 2, WR 4, WR 5, WR 6, ,TE 4, ,DST2, 
48000,39,QB 6, ,RB 4, RB 5, ,WR 2, WR 4, WR 5, WR 6, ,TE 4, ,DST 3, 
